{"type":"FeatureCollection","features":[{"type":"Feature","properties":{"tipo":"comune","nome":"Groscavallo","istat":"001118","diocesi":"Torino","lp":[45.36748,7.23023]},"geometry":{"type":"Polygon","coordinates":[[[7.29336,45.3415],[7.28318,45.34007],[7.27114,45.34148],[7.26053,45.34077],[7.23726,45.33575],[7.22983,45.33473],[7.22862,45.33466],[7.22403,45.3335],[7.21826,45.33038],[7.21866,45.32789],[7.21864,45.32505],[7.20825,45.32244],[7.20413,45.3224],[7.19871,45.32284],[7.1937,45.32368],[7.17238,45.332],[7.16787,45.33346],[7.1646,45.33378],[7.16057,45.33263],[7.15824,45.33101],[7.14665,45.32968],[7.13912,45.33011],[7.13318,45.33097],[7.13504,45.33231],[7.13511,45.33381],[7.13324,45.33629],[7.13149,45.34056],[7.13371,45.34783],[7.13846,45.35118],[7.14246,45.3519],[7.15483,45.35622],[7.16444,45.36068],[7.16214,45.36252],[7.16057,45.36339],[7.15967,45.36567],[7.15893,45.37021],[7.15935,45.37311],[7.16328,45.38179],[7.16579,45.3843],[7.16693,45.38503],[7.17175,45.38624],[7.1785,45.39193],[7.1778,45.39449],[7.179,45.39689],[7.18241,45.40096],[7.18568,45.40307],[7.19284,45.40221],[7.20724,45.39984],[7.21502,45.39683],[7.21707,45.3945],[7.21799,45.39394],[7.22163,45.39308],[7.22431,45.39316],[7.23011,45.39605],[7.23242,45.39916],[7.2375,45.40039],[7.25083,45.40133],[7.26214,45.40625],[7.27094,45.41112],[7.28038,45.41424],[7.28402,45.41423],[7.28617,45.41447],[7.29281,45.41557],[7.29479,45.4161],[7.30999,45.41049],[7.31212,45.40901],[7.31258,45.40811],[7.31563,45.39921],[7.3154,45.39492],[7.3078,45.39235],[7.30615,45.39096],[7.30502,45.38794],[7.30665,45.38574],[7.31013,45.37374],[7.31059,45.36705],[7.30736,45.35976],[7.30504,45.3593],[7.30103,45.35717],[7.29598,45.35026],[7.29564,45.34947],[7.29561,45.34687],[7.29615,45.344],[7.29696,45.34192],[7.29336,45.3415]]]}},{"type":"Feature","properties":{"tipo":"comune","nome":"Chialamberto","istat":"001075","diocesi":"Torino","lp":[45.37759,7.33952]},"geometry":{"type":"Polygon","coordinates":[[[7.29696,45.34192],[7.29615,45.344],[7.29561,45.34687],[7.29564,45.34947],[7.29598,45.35026],[7.30103,45.35717],[7.30504,45.3593],[7.30736,45.35976],[7.31059,45.36705],[7.31013,45.37374],[7.30665,45.38574],[7.30502,45.38794],[7.30615,45.39096],[7.3078,45.39235],[7.3154,45.39492],[7.31563,45.39921],[7.31258,45.40811],[7.31212,45.40901],[7.30999,45.41049],[7.31204,45.41371],[7.32233,45.41425],[7.3289,45.41282],[7.3359,45.41155],[7.34453,45.41125],[7.34918,45.40751],[7.35234,45.40631],[7.35844,45.40177],[7.36062,45.39904],[7.36075,45.39701],[7.36121,45.39557],[7.36269,45.39416],[7.36495,45.39343],[7.36773,45.39305],[7.37563,45.39239],[7.38141,45.39203],[7.38567,45.39132],[7.38908,45.38949],[7.39093,45.38804],[7.39186,45.38671],[7.39141,45.38535],[7.38651,45.3811],[7.38637,45.38008],[7.38674,45.37707],[7.38724,45.37582],[7.38089,45.37203],[7.35783,45.35311],[7.35314,45.35096],[7.34264,45.34713],[7.33792,45.34616],[7.33249,45.3461],[7.32401,45.34686],[7.32058,45.34701],[7.31671,45.34679],[7.30003,45.34283],[7.29702,45.34194],[7.29696,45.34192]]]}},{"type":"Feature","properties":{"tipo":"comune","nome":"Cantoira","istat":"001054","diocesi":"Torino","lp":[45.35074,7.38796]},"geometry":{"type":"Polygon","coordinates":[[[7.42668,45.3683],[7.42527,45.36599],[7.42442,45.36349],[7.42366,45.36006],[7.41759,45.35148],[7.41461,45.34932],[7.41249,45.34705],[7.41149,45.33934],[7.4116,45.33678],[7.41346,45.33375],[7.41516,45.33331],[7.41388,45.33234],[7.41194,45.33149],[7.40708,45.3305],[7.3913,45.32783],[7.38392,45.32717],[7.37781,45.32726],[7.36772,45.32902],[7.36502,45.32979],[7.36066,45.33168],[7.35535,45.33465],[7.34463,45.34253],[7.33792,45.34616],[7.34264,45.34713],[7.35314,45.35096],[7.35783,45.35311],[7.38089,45.37203],[7.38724,45.37582],[7.3912,45.37503],[7.41748,45.37374],[7.41962,45.37378],[7.42747,45.37153],[7.42965,45.37071],[7.42668,45.3683]]]}},{"type":"Feature","properties":{"tipo":"comune","nome":"Balme","istat":"001019","diocesi":"Torino","lp":[45.29995,7.18708]},"geometry":{"type":"Polygon","coordinates":[[[7.23025,45.33222],[7.23186,45.32925],[7.23346,45.32836],[7.23808,45.32674],[7.24307,45.32112],[7.24797,45.31149],[7.24965,45.30908],[7.25077,45.30675],[7.25138,45.30479],[7.25088,45.302],[7.24684,45.29822],[7.24551,45.29636],[7.24292,45.28491],[7.24288,45.28062],[7.24463,45.27828],[7.2464,45.27467],[7.24652,45.27171],[7.24425,45.2689],[7.24375,45.2679],[7.24,45.26243],[7.23739,45.2611],[7.23256,45.2591],[7.22802,45.25778],[7.22533,45.2572],[7.2237,45.25746],[7.21476,45.2602],[7.2136,45.26075],[7.21304,45.2632],[7.21081,45.26543],[7.20879,45.26617],[7.19973,45.26523],[7.19715,45.26526],[7.19093,45.26666],[7.17688,45.27133],[7.17619,45.27171],[7.17103,45.27632],[7.16918,45.27896],[7.16837,45.28196],[7.16327,45.28213],[7.15594,45.28148],[7.14463,45.27975],[7.13605,45.27996],[7.13437,45.28312],[7.12854,45.28901],[7.12082,45.30037],[7.11935,45.30464],[7.11737,45.30927],[7.11436,45.31364],[7.10948,45.32021],[7.10951,45.32702],[7.11866,45.32812],[7.12013,45.3277],[7.12608,45.32733],[7.13188,45.32971],[7.13318,45.33097],[7.13912,45.33011],[7.14665,45.32968],[7.15824,45.33101],[7.16057,45.33263],[7.1646,45.33378],[7.16787,45.33346],[7.17238,45.332],[7.1937,45.32368],[7.19871,45.32284],[7.20413,45.3224],[7.20825,45.32244],[7.21864,45.32505],[7.21866,45.32789],[7.21826,45.33038],[7.22403,45.3335],[7.22862,45.33466],[7.22983,45.33473],[7.23025,45.33222]]]}},{"type":"Feature","properties":{"tipo":"comune","nome":"Ala di Stura","istat":"001003","diocesi":"Torino","lp":[45.30691,7.28208]},"geometry":{"type":"Polygon","coordinates":[[[7.29702,45.34194],[7.30193,45.33874],[7.32053,45.33067],[7.32841,45.31872],[7.32668,45.31175],[7.32648,45.30963],[7.32781,45.30796],[7.33189,45.30482],[7.33922,45.30052],[7.33816,45.30035],[7.33514,45.29905],[7.32457,45.29163],[7.31795,45.29009],[7.31557,45.29186],[7.30846,45.28438],[7.30753,45.28276],[7.30692,45.27961],[7.30724,45.27749],[7.30481,45.27528],[7.30294,45.27438],[7.29276,45.27111],[7.28915,45.27005],[7.28502,45.27239],[7.28058,45.27371],[7.2695,45.27042],[7.26092,45.26859],[7.25732,45.26799],[7.25198,45.26758],[7.24425,45.2689],[7.24652,45.27171],[7.2464,45.27467],[7.24463,45.27828],[7.24288,45.28062],[7.24292,45.28491],[7.24551,45.29636],[7.24684,45.29822],[7.25088,45.302],[7.25138,45.30479],[7.25077,45.30675],[7.24965,45.30908],[7.24797,45.31149],[7.24307,45.32112],[7.23808,45.32674],[7.23346,45.32836],[7.23186,45.32925],[7.23025,45.33222],[7.22983,45.33473],[7.23726,45.33575],[7.26053,45.34077],[7.27114,45.34148],[7.28318,45.34007],[7.29336,45.3415],[7.29696,45.34192],[7.29702,45.34194]]]}},{"type":"Feature","properties":{"tipo":"comune","nome":"Ceres","istat":"001072","diocesi":"Torino","lp":[45.32061,7.36249]},"geometry":{"type":"Polygon","coordinates":[[[7.33189,45.30482],[7.32781,45.30796],[7.32648,45.30963],[7.32668,45.31175],[7.32841,45.31872],[7.32053,45.33067],[7.30193,45.33874],[7.29702,45.34194],[7.30003,45.34283],[7.31671,45.34679],[7.32058,45.34701],[7.32401,45.34686],[7.33249,45.3461],[7.33792,45.34616],[7.34463,45.34253],[7.35535,45.33465],[7.36066,45.33168],[7.36502,45.32979],[7.36772,45.32902],[7.37781,45.32726],[7.38392,45.32717],[7.3913,45.32783],[7.40708,45.3305],[7.41194,45.33149],[7.41388,45.33234],[7.41516,45.33331],[7.4173,45.33047],[7.41795,45.32627],[7.41846,45.31034],[7.41584,45.30492],[7.41181,45.30102],[7.4012,45.2956],[7.40057,45.29738],[7.39667,45.30289],[7.39531,45.30459],[7.39217,45.30709],[7.37142,45.30483],[7.36952,45.30303],[7.36792,45.30196],[7.36138,45.29865],[7.35867,45.29828],[7.35594,45.2982],[7.34471,45.29955],[7.33922,45.30052],[7.33189,45.30482]]]}},{"type":"Feature","properties":{"tipo":"comune","nome":"Mezzenile","istat":"001152","diocesi":"Torino","lp":[45.28206,7.36684]},"geometry":{"type":"Polygon","coordinates":[[[7.29276,45.27111],[7.30294,45.27438],[7.30481,45.27528],[7.30724,45.27749],[7.30692,45.27961],[7.30753,45.28276],[7.30846,45.28438],[7.31557,45.29186],[7.31795,45.29009],[7.32457,45.29163],[7.33514,45.29905],[7.33816,45.30035],[7.33922,45.30052],[7.34471,45.29955],[7.35594,45.2982],[7.35867,45.29828],[7.36138,45.29865],[7.36792,45.30196],[7.36952,45.30303],[7.37142,45.30483],[7.39217,45.30709],[7.39531,45.30459],[7.39667,45.30289],[7.40057,45.29738],[7.4012,45.2956],[7.39924,45.29417],[7.39862,45.29202],[7.39997,45.29034],[7.40393,45.28698],[7.40707,45.28713],[7.41571,45.28347],[7.42505,45.27892],[7.41968,45.27449],[7.41632,45.27197],[7.41384,45.27051],[7.41232,45.27021],[7.40725,45.27004],[7.40202,45.26729],[7.39329,45.2618],[7.38707,45.25907],[7.38602,45.25937],[7.37953,45.25898],[7.37519,45.25821],[7.37324,45.25756],[7.3699,45.25741],[7.36451,45.25798],[7.35994,45.25989],[7.35657,45.26181],[7.35518,45.26283],[7.3522,45.26687],[7.34857,45.27037],[7.34271,45.27471],[7.34006,45.27563],[7.33663,45.27604],[7.33129,45.27643],[7.32636,45.27627],[7.31824,45.27562],[7.31212,45.27419],[7.31048,45.27283],[7.29691,45.26991],[7.29101,45.26818],[7.28915,45.27005],[7.29276,45.27111]]]}},{"type":"Feature","properties":{"tipo":"comune","nome":"Monastero di Lanzo","istat":"001155","diocesi":"Torino","lp":[45.32446,7.43138]},"geometry":{"type":"Polygon","coordinates":[[[7.41346,45.33375],[7.4116,45.33678],[7.41149,45.33934],[7.41249,45.34705],[7.41461,45.34932],[7.41759,45.35148],[7.42366,45.36006],[7.42442,45.36349],[7.42527,45.36599],[7.42668,45.3683],[7.42965,45.37071],[7.43785,45.36755],[7.43745,45.36432],[7.43806,45.35797],[7.4391,45.35346],[7.44191,45.34856],[7.44378,45.34654],[7.44549,45.34599],[7.44627,45.34426],[7.4456,45.33931],[7.4448,45.3377],[7.44273,45.33627],[7.43673,45.3326],[7.4355,45.33079],[7.435,45.32758],[7.43572,45.3229],[7.44116,45.31316],[7.44651,45.30826],[7.44974,45.30615],[7.45185,45.30419],[7.45818,45.29474],[7.45972,45.29031],[7.44687,45.28847],[7.44228,45.28891],[7.43424,45.29128],[7.42404,45.29108],[7.41633,45.2998],[7.4132,45.3009],[7.41181,45.30102],[7.41584,45.30492],[7.41846,45.31034],[7.41795,45.32627],[7.4173,45.33047],[7.41516,45.33331],[7.41346,45.33375]]]}},{"type":"Feature","properties":{"tipo":"comune","nome":"Coassolo Torinese","istat":"001088","diocesi":"Torino","lp":[45.32529,7.4656]},"geometry":{"type":"Polygon","coordinates":[[[7.49615,45.29923],[7.49378,45.29587],[7.49215,45.29306],[7.49215,45.29093],[7.49339,45.28931],[7.4886,45.29127],[7.47223,45.29138],[7.47157,45.28889],[7.46971,45.28829],[7.46295,45.28864],[7.45972,45.29031],[7.45818,45.29474],[7.45185,45.30419],[7.44974,45.30615],[7.44651,45.30826],[7.44116,45.31316],[7.43572,45.3229],[7.435,45.32758],[7.4355,45.33079],[7.43673,45.3326],[7.44273,45.33627],[7.4448,45.3377],[7.4456,45.33931],[7.44627,45.34426],[7.44549,45.34599],[7.44378,45.34654],[7.44191,45.34856],[7.4391,45.35346],[7.43806,45.35797],[7.43745,45.36432],[7.43785,45.36755],[7.44179,45.36625],[7.45159,45.36546],[7.45262,45.36522],[7.45971,45.3604],[7.46283,45.35805],[7.4648,45.3578],[7.47142,45.35841],[7.47427,45.35667],[7.47666,45.35439],[7.48071,45.34476],[7.48702,45.3329],[7.49193,45.32792],[7.49423,45.32285],[7.49543,45.31728],[7.4934,45.31206],[7.49796,45.30442],[7.4989,45.30103],[7.49615,45.29923]]]}},{"type":"Feature","properties":{"tipo":"comune","nome":"Corio","istat":"001094","diocesi":"Torino","lp":[45.32934,7.51934]},"geometry":{"type":"Polygon","coordinates":[[[7.52544,45.29023],[7.52373,45.28973],[7.52023,45.29005],[7.51608,45.29233],[7.50457,45.29571],[7.50136,45.29587],[7.50021,45.29646],[7.49889,45.29909],[7.4989,45.30103],[7.49796,45.30442],[7.4934,45.31206],[7.49543,45.31728],[7.49423,45.32285],[7.49193,45.32792],[7.48702,45.3329],[7.48071,45.34476],[7.47666,45.35439],[7.47427,45.35667],[7.47142,45.35841],[7.49093,45.37142],[7.49226,45.37042],[7.49396,45.37002],[7.49533,45.37031],[7.49744,45.37131],[7.5029,45.37273],[7.51261,45.37235],[7.51742,45.37162],[7.5263,45.37138],[7.53045,45.37182],[7.52929,45.36938],[7.53031,45.36384],[7.53135,45.35951],[7.53272,45.35619],[7.53445,45.35265],[7.54156,45.33902],[7.54496,45.33739],[7.55624,45.3271],[7.55788,45.32484],[7.55611,45.31858],[7.55295,45.31639],[7.55461,45.31004],[7.56032,45.30327],[7.56291,45.29853],[7.56215,45.28812],[7.56628,45.28612],[7.5607,45.28413],[7.5519,45.28234],[7.55173,45.28329],[7.55047,45.28508],[7.54757,45.28789],[7.54689,45.2883],[7.53978,45.29143],[7.5338,45.29358],[7.53073,45.29373],[7.52687,45.2927],[7.52544,45.29023]]]}},{"type":"Feature","properties":{"tipo":"comune","nome":"Usseglio","istat":"001282","diocesi":"Torino","lp":[45.22788,7.17052]},"geometry":{"type":"Polygon","coordinates":[[[7.14463,45.27975],[7.15594,45.28148],[7.16327,45.28213],[7.16837,45.28196],[7.16918,45.27896],[7.17103,45.27632],[7.17619,45.27171],[7.17688,45.27133],[7.19093,45.26666],[7.19715,45.26526],[7.19973,45.26523],[7.20879,45.26617],[7.21081,45.26543],[7.21304,45.2632],[7.2136,45.26075],[7.21476,45.2602],[7.2237,45.25746],[7.22533,45.2572],[7.22802,45.25778],[7.23161,45.25658],[7.23583,45.25345],[7.23768,45.25119],[7.24138,45.24868],[7.24495,45.24691],[7.24969,45.24545],[7.25279,45.24205],[7.25653,45.23755],[7.25356,45.23239],[7.25248,45.23115],[7.25197,45.22988],[7.25228,45.22758],[7.25463,45.21894],[7.25525,45.2172],[7.25417,45.20681],[7.25345,45.20279],[7.25159,45.19757],[7.24567,45.19503],[7.24287,45.19426],[7.23632,45.19283],[7.22915,45.19596],[7.22134,45.19763],[7.21934,45.19746],[7.21602,45.19636],[7.21192,45.19423],[7.21038,45.19289],[7.20155,45.19461],[7.19687,45.19506],[7.18863,45.19412],[7.18342,45.19309],[7.18125,45.19445],[7.17072,45.19357],[7.16275,45.19246],[7.15424,45.19061],[7.14145,45.18687],[7.13179,45.18768],[7.11964,45.18942],[7.10706,45.19169],[7.10593,45.19221],[7.10019,45.19616],[7.09893,45.19748],[7.09806,45.19904],[7.08687,45.20146],[7.07716,45.20333],[7.06699,45.21029],[7.07682,45.21412],[7.084,45.22274],[7.08589,45.22541],[7.09274,45.23045],[7.09635,45.23299],[7.10341,45.23645],[7.10707,45.24361],[7.11109,45.24638],[7.11499,45.24642],[7.1196,45.24516],[7.12167,45.24443],[7.1243,45.244],[7.12924,45.24802],[7.13494,45.25414],[7.13465,45.26031],[7.13265,45.26355],[7.13195,45.26867],[7.13148,45.27401],[7.13456,45.27643],[7.13607,45.27906],[7.13605,45.27996],[7.14463,45.27975]]]}},{"type":"Feature","properties":{"tipo":"comune","nome":"Lemie","istat":"001131","diocesi":"Torino","lp":[45.22769,7.28384]},"geometry":{"type":"Polygon","coordinates":[[[7.25198,45.26758],[7.25732,45.26799],[7.26092,45.26859],[7.2695,45.27042],[7.28058,45.27371],[7.28502,45.27239],[7.28915,45.27005],[7.29101,45.26818],[7.29107,45.26724],[7.29271,45.26107],[7.30259,45.25084],[7.31259,45.24116],[7.31673,45.23725],[7.31935,45.22913],[7.32052,45.2203],[7.32154,45.2154],[7.32237,45.2136],[7.32595,45.21046],[7.32913,45.20544],[7.33286,45.19904],[7.33298,45.19826],[7.33179,45.19527],[7.32974,45.19345],[7.32618,45.19077],[7.32657,45.18827],[7.31937,45.18789],[7.30731,45.18966],[7.29603,45.18717],[7.2903,45.18474],[7.28525,45.18668],[7.28191,45.18944],[7.28157,45.19241],[7.27803,45.19404],[7.26169,45.19592],[7.25599,45.19646],[7.25159,45.19757],[7.25345,45.20279],[7.25417,45.20681],[7.25525,45.2172],[7.25463,45.21894],[7.25228,45.22758],[7.25197,45.22988],[7.25248,45.23115],[7.25356,45.23239],[7.25653,45.23755],[7.25279,45.24205],[7.24969,45.24545],[7.24495,45.24691],[7.24138,45.24868],[7.23768,45.25119],[7.23583,45.25345],[7.23161,45.25658],[7.22802,45.25778],[7.23256,45.2591],[7.23739,45.2611],[7.24,45.26243],[7.24375,45.2679],[7.24425,45.2689],[7.25198,45.26758]]]}},{"type":"Feature","properties":{"tipo":"comune","nome":"Viù","istat":"001313","diocesi":"Torino","lp":[45.22532,7.37304]},"geometry":{"type":"Polygon","coordinates":[[[7.32657,45.18827],[7.32618,45.19077],[7.32974,45.19345],[7.33179,45.19527],[7.33298,45.19826],[7.33286,45.19904],[7.32913,45.20544],[7.32595,45.21046],[7.32237,45.2136],[7.32154,45.2154],[7.32052,45.2203],[7.31935,45.22913],[7.31673,45.23725],[7.31259,45.24116],[7.30259,45.25084],[7.29271,45.26107],[7.29107,45.26724],[7.29101,45.26818],[7.29691,45.26991],[7.31048,45.27283],[7.31212,45.27419],[7.31824,45.27562],[7.32636,45.27627],[7.33129,45.27643],[7.33663,45.27604],[7.34006,45.27563],[7.34271,45.27471],[7.34857,45.27037],[7.3522,45.26687],[7.35518,45.26283],[7.35657,45.26181],[7.35994,45.25989],[7.36451,45.25798],[7.3699,45.25741],[7.37324,45.25756],[7.37519,45.25821],[7.37953,45.25898],[7.38602,45.25937],[7.38707,45.25907],[7.38944,45.25553],[7.39784,45.25022],[7.40458,45.24859],[7.41978,45.24812],[7.42086,45.24626],[7.42315,45.24329],[7.42679,45.24071],[7.43357,45.23744],[7.43578,45.23759],[7.44433,45.23578],[7.45447,45.23319],[7.46663,45.2295],[7.46044,45.21961],[7.45437,45.21674],[7.44546,45.21109],[7.44053,45.20565],[7.43825,45.20341],[7.43566,45.20135],[7.43139,45.19958],[7.43023,45.19705],[7.43045,45.19349],[7.41433,45.18896],[7.40821,45.18737],[7.40239,45.18328],[7.39664,45.17702],[7.39428,45.17661],[7.39145,45.1767],[7.3675,45.17987],[7.34936,45.18264],[7.34163,45.18469],[7.33554,45.18526],[7.33228,45.18414],[7.32657,45.18827]]]}},{"type":"Feature","properties":{"tipo":"comune","nome":"Traves","istat":"001279","diocesi":"Torino","lp":[45.26237,7.42052]},"geometry":{"type":"Polygon","coordinates":[[[7.45005,45.27423],[7.44929,45.27082],[7.44682,45.27055],[7.43961,45.26448],[7.43513,45.25153],[7.43363,45.2486],[7.43122,45.24591],[7.42086,45.24626],[7.41978,45.24812],[7.40458,45.24859],[7.39784,45.25022],[7.38944,45.25553],[7.38707,45.25907],[7.39329,45.2618],[7.40202,45.26729],[7.40725,45.27004],[7.41232,45.27021],[7.41384,45.27051],[7.41632,45.27197],[7.41968,45.27449],[7.42505,45.27892],[7.42722,45.28035],[7.42915,45.28086],[7.43264,45.28098],[7.44711,45.27638],[7.44994,45.27563],[7.45005,45.27423]]]}},{"type":"Feature","properties":{"tipo":"comune","nome":"Germagnano","istat":"001113","diocesi":"Torino","lp":[45.25196,7.45659]},"geometry":{"type":"Polygon","coordinates":[[[7.48107,45.24226],[7.48068,45.24235],[7.47438,45.24034],[7.47143,45.23884],[7.46766,45.23562],[7.46713,45.23465],[7.46663,45.2295],[7.45447,45.23319],[7.44433,45.23578],[7.43578,45.23759],[7.43357,45.23744],[7.42679,45.24071],[7.42315,45.24329],[7.42086,45.24626],[7.43122,45.24591],[7.43363,45.2486],[7.43513,45.25153],[7.43961,45.26448],[7.44682,45.27055],[7.44929,45.27082],[7.45005,45.27423],[7.44994,45.27563],[7.45509,45.2776],[7.45585,45.27518],[7.45702,45.27401],[7.45936,45.27353],[7.46015,45.27373],[7.46446,45.2719],[7.47501,45.26637],[7.48016,45.25876],[7.48202,45.25449],[7.4848,45.25233],[7.48107,45.24226]]]}},{"type":"Feature","properties":{"tipo":"comune","nome":"Pessinetto","istat":"001188","diocesi":"Torino","lp":[45.28748,7.42639]},"geometry":{"type":"Polygon","coordinates":[[[7.41181,45.30102],[7.4132,45.3009],[7.41633,45.2998],[7.42404,45.29108],[7.43424,45.29128],[7.44228,45.28891],[7.44687,45.28847],[7.44954,45.28741],[7.45172,45.28606],[7.45388,45.28369],[7.45566,45.27942],[7.45509,45.2776],[7.44994,45.27563],[7.44711,45.27638],[7.43264,45.28098],[7.42915,45.28086],[7.42722,45.28035],[7.42505,45.27892],[7.41571,45.28347],[7.40707,45.28713],[7.40393,45.28698],[7.39997,45.29034],[7.39862,45.29202],[7.39924,45.29417],[7.4012,45.2956],[7.41181,45.30102]]]}},{"type":"Feature","properties":{"tipo":"comune","nome":"Lanzo Torinese","istat":"001128","diocesi":"Torino","lp":[45.27558,7.48014]},"geometry":{"type":"Polygon","coordinates":[[[7.49365,45.28545],[7.49813,45.28108],[7.50245,45.27281],[7.5035,45.26991],[7.50351,45.26865],[7.50141,45.26355],[7.50071,45.26263],[7.49757,45.26108],[7.48818,45.25388],[7.4848,45.25233],[7.48202,45.25449],[7.48016,45.25876],[7.47501,45.26637],[7.46446,45.2719],[7.46015,45.27373],[7.45936,45.27353],[7.45702,45.27401],[7.45585,45.27518],[7.45509,45.2776],[7.45566,45.27942],[7.45388,45.28369],[7.45172,45.28606],[7.44954,45.28741],[7.44687,45.28847],[7.45972,45.29031],[7.46295,45.28864],[7.46971,45.28829],[7.47157,45.28889],[7.47223,45.29138],[7.4886,45.29127],[7.49339,45.28931],[7.49365,45.28545]]]}},{"type":"Feature","properties":{"tipo":"comune","nome":"Cafasse","istat":"001046","diocesi":"Torino","lp":[45.24423,7.508]},"geometry":{"type":"Polygon","coordinates":[[[7.5104,45.2597],[7.51189,45.259],[7.52341,45.25318],[7.53528,45.24107],[7.53395,45.23017],[7.5306,45.23239],[7.52358,45.23549],[7.51752,45.23742],[7.51968,45.23488],[7.5204,45.23277],[7.52032,45.22886],[7.51748,45.22698],[7.51633,45.22662],[7.51258,45.22619],[7.49643,45.23371],[7.48337,45.24013],[7.48107,45.24226],[7.4848,45.25233],[7.48818,45.25388],[7.49757,45.26108],[7.50071,45.26263],[7.5104,45.2597]]]}},{"type":"Feature","properties":{"tipo":"comune","nome":"Balangero","istat":"001016","diocesi":"Torino","lp":[45.27695,7.51946]},"geometry":{"type":"Polygon","coordinates":[[[7.49889,45.29909],[7.50021,45.29646],[7.50136,45.29587],[7.50457,45.29571],[7.51608,45.29233],[7.52023,45.29005],[7.52373,45.28973],[7.52544,45.29023],[7.52687,45.2927],[7.5304,45.28985],[7.53153,45.28931],[7.53558,45.28802],[7.53823,45.28737],[7.54543,45.28459],[7.55112,45.28197],[7.55149,45.28167],[7.55111,45.27981],[7.54822,45.27812],[7.5433,45.27488],[7.54286,45.27298],[7.54264,45.26815],[7.54002,45.26601],[7.53176,45.2609],[7.52488,45.2551],[7.52341,45.25318],[7.51189,45.259],[7.5104,45.2597],[7.50071,45.26263],[7.50141,45.26355],[7.50351,45.26865],[7.5035,45.26991],[7.50245,45.27281],[7.49813,45.28108],[7.49365,45.28545],[7.49339,45.28931],[7.49215,45.29093],[7.49215,45.29306],[7.49378,45.29587],[7.49615,45.29923],[7.4989,45.30103],[7.49889,45.29909]]]}},{"type":"Feature","properties":{"tipo":"comune","nome":"Mathi","istat":"001146","diocesi":"Torino","lp":[45.26251,7.54327]},"geometry":{"type":"Polygon","coordinates":[[[7.52488,45.2551],[7.53176,45.2609],[7.54002,45.26601],[7.54264,45.26815],[7.54286,45.27298],[7.5433,45.27488],[7.54822,45.27812],[7.55111,45.27981],[7.55149,45.28167],[7.55112,45.28197],[7.54543,45.28459],[7.53823,45.28737],[7.53558,45.28802],[7.53153,45.28931],[7.5304,45.28985],[7.52687,45.2927],[7.53073,45.29373],[7.5338,45.29358],[7.53978,45.29143],[7.54689,45.2883],[7.54757,45.28789],[7.55047,45.28508],[7.55173,45.28329],[7.5519,45.28234],[7.552,45.27933],[7.55332,45.27605],[7.55739,45.27286],[7.56108,45.26725],[7.55467,45.25534],[7.55331,45.2502],[7.55235,45.25018],[7.54451,45.24463],[7.5401,45.24261],[7.53528,45.24107],[7.52341,45.25318],[7.52488,45.2551]]]}},{"type":"Feature","properties":{"tipo":"comune","nome":"Grosso","istat":"001119","diocesi":"Torino","lp":[45.26705,7.56334]},"geometry":{"type":"Polygon","coordinates":[[[7.5607,45.28413],[7.56954,45.28003],[7.5707,45.27912],[7.57229,45.27313],[7.57394,45.26474],[7.57314,45.26176],[7.57189,45.25875],[7.57047,45.2565],[7.56742,45.25264],[7.56227,45.2511],[7.56061,45.24765],[7.55331,45.2502],[7.55467,45.25534],[7.56108,45.26725],[7.55739,45.27286],[7.55332,45.27605],[7.552,45.27933],[7.5519,45.28234],[7.5607,45.28413]]]}},{"type":"Feature","properties":{"tipo":"comune","nome":"Villanova Canavese","istat":"001301","diocesi":"Torino","lp":[45.23648,7.54742]},"geometry":{"type":"Polygon","coordinates":[[[7.53528,45.24107],[7.5401,45.24261],[7.54451,45.24463],[7.55235,45.25018],[7.55331,45.2502],[7.56061,45.24765],[7.56078,45.24418],[7.56185,45.2407],[7.56195,45.23919],[7.56135,45.23834],[7.55629,45.23348],[7.54466,45.22184],[7.54297,45.22066],[7.54033,45.22256],[7.53395,45.23017],[7.53528,45.24107]]]}},{"type":"Feature","properties":{"tipo":"comune","nome":"Nole","istat":"001166","diocesi":"Torino","lp":[45.24431,7.56847]},"geometry":{"type":"Polygon","coordinates":[[[7.58389,45.24487],[7.57928,45.23522],[7.56884,45.22121],[7.56001,45.2136],[7.55295,45.20999],[7.5397,45.21961],[7.54033,45.22256],[7.54297,45.22066],[7.54466,45.22184],[7.55629,45.23348],[7.56135,45.23834],[7.56195,45.23919],[7.56185,45.2407],[7.56078,45.24418],[7.56061,45.24765],[7.56227,45.2511],[7.56742,45.25264],[7.57047,45.2565],[7.57189,45.25875],[7.57314,45.26176],[7.57394,45.26474],[7.57229,45.27313],[7.5707,45.27912],[7.56954,45.28003],[7.5607,45.28413],[7.56628,45.28612],[7.58478,45.28033],[7.58532,45.27942],[7.5854,45.26415],[7.58504,45.26229],[7.58281,45.25428],[7.57934,45.25195],[7.58039,45.24908],[7.58406,45.2483],[7.58389,45.24487]]]}},{"type":"Feature","properties":{"tipo":"comune","nome":"Vallo Torinese","istat":"001286","diocesi":"Torino","lp":[45.22575,7.4834]},"geometry":{"type":"Polygon","coordinates":[[[7.48337,45.24013],[7.48112,45.23572],[7.48602,45.23213],[7.48777,45.23119],[7.49805,45.22825],[7.49891,45.22809],[7.50365,45.22579],[7.51036,45.22048],[7.51196,45.21693],[7.50707,45.2166],[7.50131,45.21587],[7.48807,45.21742],[7.47617,45.21752],[7.46898,45.21766],[7.46044,45.21961],[7.46663,45.2295],[7.46713,45.23465],[7.46766,45.23562],[7.47143,45.23884],[7.47438,45.24034],[7.48068,45.24235],[7.48107,45.24226],[7.48337,45.24013]]]}},{"type":"Feature","properties":{"tipo":"comune","nome":"Varisella","istat":"001289","diocesi":"Torino","lp":[45.1993,7.47345]},"geometry":{"type":"Polygon","coordinates":[[[7.50895,45.21513],[7.51857,45.20939],[7.51849,45.20592],[7.51978,45.20354],[7.52168,45.20122],[7.52177,45.20038],[7.52074,45.19895],[7.51005,45.19512],[7.49826,45.1908],[7.48737,45.18554],[7.48093,45.18094],[7.47935,45.17976],[7.47062,45.17778],[7.46108,45.17624],[7.45556,45.17837],[7.4458,45.1809],[7.44369,45.18166],[7.43734,45.18614],[7.43473,45.18845],[7.43076,45.19274],[7.43045,45.19349],[7.43023,45.19705],[7.43139,45.19958],[7.43566,45.20135],[7.43825,45.20341],[7.44053,45.20565],[7.44546,45.21109],[7.45437,45.21674],[7.46044,45.21961],[7.46898,45.21766],[7.47617,45.21752],[7.48807,45.21742],[7.50131,45.21587],[7.50707,45.2166],[7.50895,45.21513]]]}},{"type":"Feature","properties":{"tipo":"comune","nome":"Fiano","istat":"001104","diocesi":"Torino","lp":[45.21198,7.52884]},"geometry":{"type":"Polygon","coordinates":[[[7.49643,45.23371],[7.51258,45.22619],[7.51633,45.22662],[7.51748,45.22698],[7.52032,45.22886],[7.5204,45.23277],[7.51968,45.23488],[7.51752,45.23742],[7.52358,45.23549],[7.5306,45.23239],[7.53395,45.23017],[7.54033,45.22256],[7.5397,45.21961],[7.53831,45.21711],[7.54419,45.21147],[7.55043,45.20426],[7.55934,45.1914],[7.56085,45.18863],[7.557,45.18909],[7.55516,45.18879],[7.55237,45.18773],[7.55061,45.18676],[7.54672,45.18542],[7.53992,45.18402],[7.53502,45.19059],[7.53216,45.19527],[7.52998,45.19944],[7.52821,45.20177],[7.52572,45.20212],[7.52168,45.20122],[7.51978,45.20354],[7.51849,45.20592],[7.51857,45.20939],[7.50895,45.21513],[7.50707,45.2166],[7.51196,45.21693],[7.51036,45.22048],[7.50365,45.22579],[7.49891,45.22809],[7.49805,45.22825],[7.48777,45.23119],[7.48602,45.23213],[7.48112,45.23572],[7.48337,45.24013],[7.49643,45.23371]]]}},{"type":"Feature","properties":{"tipo":"comune","nome":"Robassomero","istat":"001220","diocesi":"Torino","lp":[45.19058,7.57832]},"geometry":{"type":"Polygon","coordinates":[[[7.61117,45.17891],[7.61027,45.17527],[7.60819,45.1717],[7.60338,45.16946],[7.59955,45.17052],[7.59025,45.17491],[7.5874,45.17578],[7.58524,45.1765],[7.58364,45.17764],[7.57762,45.18266],[7.57329,45.18583],[7.56627,45.18787],[7.56085,45.18863],[7.55934,45.1914],[7.55043,45.20426],[7.54419,45.21147],[7.53831,45.21711],[7.5397,45.21961],[7.55295,45.20999],[7.55645,45.20683],[7.55854,45.2059],[7.56101,45.20621],[7.56494,45.20518],[7.57233,45.20263],[7.5774,45.20007],[7.59267,45.19195],[7.59627,45.19131],[7.59834,45.18684],[7.60452,45.18044],[7.60953,45.18078],[7.61087,45.18181],[7.61117,45.17891]]]}},{"type":"Feature","properties":{"tipo":"comune","nome":"La Cassa","istat":"001126","diocesi":"Torino","lp":[45.18016,7.51841]},"geometry":{"type":"Polygon","coordinates":[[[7.54019,45.18321],[7.54051,45.17711],[7.53978,45.17508],[7.53881,45.17434],[7.53547,45.16866],[7.53371,45.16283],[7.53503,45.15855],[7.52681,45.15507],[7.52494,45.15476],[7.52109,45.15634],[7.5194,45.15762],[7.51884,45.16019],[7.51644,45.1644],[7.51272,45.17048],[7.51074,45.17229],[7.49763,45.17725],[7.49205,45.17886],[7.48618,45.18007],[7.48093,45.18094],[7.48737,45.18554],[7.49826,45.1908],[7.51005,45.19512],[7.52074,45.19895],[7.52177,45.20038],[7.52168,45.20122],[7.52572,45.20212],[7.52821,45.20177],[7.52998,45.19944],[7.53216,45.19527],[7.53502,45.19059],[7.53992,45.18402],[7.54019,45.18321]]]}},{"type":"Feature","properties":{"tipo":"comune","nome":"Givoletto","istat":"001116","diocesi":"Torino","lp":[45.16228,7.4944]},"geometry":{"type":"Polygon","coordinates":[[[7.52855,45.15],[7.52627,45.14782],[7.51286,45.14496],[7.50545,45.14126],[7.50083,45.14434],[7.49925,45.14418],[7.49487,45.14454],[7.49272,45.14506],[7.49161,45.1459],[7.48986,45.14833],[7.48838,45.15108],[7.48559,45.15438],[7.47995,45.15709],[7.47683,45.15843],[7.47144,45.1589],[7.46809,45.16025],[7.46522,45.16279],[7.46437,45.16399],[7.46157,45.17263],[7.46093,45.1757],[7.46108,45.17624],[7.47062,45.17778],[7.47935,45.17976],[7.48093,45.18094],[7.48618,45.18007],[7.49205,45.17886],[7.49763,45.17725],[7.51074,45.17229],[7.51272,45.17048],[7.51644,45.1644],[7.51884,45.16019],[7.5194,45.15762],[7.52109,45.15634],[7.52494,45.15476],[7.52681,45.15507],[7.52855,45.15]]]}},{"type":"Feature","properties":{"tipo":"comune","nome":"Val della Torre","istat":"001284","diocesi":"Torino","lp":[45.15414,7.44741]},"geometry":{"type":"Polygon","coordinates":[[[7.44724,45.12707],[7.44668,45.1275],[7.43191,45.1366],[7.42839,45.1379],[7.41946,45.14052],[7.41701,45.14621],[7.41258,45.14872],[7.40934,45.15158],[7.40627,45.15668],[7.40579,45.15941],[7.40537,45.16382],[7.40382,45.16767],[7.39664,45.17702],[7.40239,45.18328],[7.40821,45.18737],[7.41433,45.18896],[7.43045,45.19349],[7.43076,45.19274],[7.43473,45.18845],[7.43734,45.18614],[7.44369,45.18166],[7.4458,45.1809],[7.45556,45.17837],[7.46108,45.17624],[7.46093,45.1757],[7.46157,45.17263],[7.46437,45.16399],[7.46522,45.16279],[7.46809,45.16025],[7.47144,45.1589],[7.47683,45.15843],[7.47995,45.15709],[7.48559,45.15438],[7.48838,45.15108],[7.48986,45.14833],[7.49161,45.1459],[7.49272,45.14506],[7.49487,45.14454],[7.49925,45.14418],[7.50083,45.14434],[7.50545,45.14126],[7.50274,45.13959],[7.49937,45.13702],[7.50219,45.13532],[7.50269,45.12824],[7.50266,45.12629],[7.50221,45.12453],[7.49746,45.12269],[7.49656,45.12215],[7.49667,45.12339],[7.49399,45.12688],[7.48816,45.12795],[7.48458,45.12745],[7.47793,45.12608],[7.4739,45.12463],[7.46948,45.12239],[7.46654,45.12047],[7.45765,45.11729],[7.45549,45.11717],[7.44724,45.12707]]]}},{"type":"Feature","properties":{"tipo":"comune","nome":"San Gillio","istat":"001243","diocesi":"Torino","lp":[45.13863,7.52437]},"geometry":{"type":"Polygon","coordinates":[[[7.49746,45.12269],[7.50221,45.12453],[7.50266,45.12629],[7.50269,45.12824],[7.50219,45.13532],[7.49937,45.13702],[7.50274,45.13959],[7.50545,45.14126],[7.51286,45.14496],[7.52627,45.14782],[7.52855,45.15],[7.52681,45.15507],[7.53503,45.15855],[7.53798,45.15699],[7.54737,45.14992],[7.54799,45.14075],[7.54779,45.13779],[7.5486,45.13448],[7.54466,45.13359],[7.54138,45.13484],[7.53953,45.13624],[7.53523,45.1345],[7.52551,45.12997],[7.51434,45.11981],[7.49746,45.12269]]]}},{"type":"Feature","properties":{"tipo":"comune","nome":"Druento","istat":"001099","diocesi":"Torino","lp":[45.1525,7.5689]},"geometry":{"type":"Polygon","coordinates":[[[7.58649,45.17549],[7.5836,45.17372],[7.58321,45.17145],[7.58405,45.16491],[7.58445,45.16274],[7.59003,45.1526],[7.59431,45.14646],[7.59603,45.14517],[7.5988,45.14451],[7.60022,45.14306],[7.6038,45.13574],[7.60469,45.12983],[7.6043,45.12845],[7.60442,45.12408],[7.60704,45.12026],[7.60108,45.12299],[7.5929,45.11882],[7.58188,45.11417],[7.58054,45.11433],[7.57546,45.11856],[7.56638,45.12581],[7.56021,45.12943],[7.55383,45.13006],[7.55148,45.13124],[7.54874,45.13294],[7.5486,45.13448],[7.54779,45.13779],[7.54799,45.14075],[7.54737,45.14992],[7.53798,45.15699],[7.53503,45.15855],[7.53371,45.16283],[7.53547,45.16866],[7.53881,45.17434],[7.53978,45.17508],[7.54051,45.17711],[7.54019,45.18321],[7.53992,45.18402],[7.54672,45.18542],[7.55061,45.18676],[7.55237,45.18773],[7.55516,45.18879],[7.557,45.18909],[7.56085,45.18863],[7.56627,45.18787],[7.57329,45.18583],[7.57762,45.18266],[7.58364,45.17764],[7.58524,45.1765],[7.5874,45.17578],[7.58649,45.17549]]]}},{"type":"Feature","properties":{"tipo":"comune","nome":"Venaria Reale","istat":"001292","diocesi":"Torino","lp":[45.14091,7.61898]},"geometry":{"type":"Polygon","coordinates":[[[7.63803,45.15327],[7.64079,45.14984],[7.64084,45.13718],[7.64069,45.13522],[7.64723,45.12922],[7.65041,45.12872],[7.65247,45.12697],[7.65428,45.12458],[7.65262,45.12323],[7.65304,45.11635],[7.65452,45.11479],[7.65449,45.11278],[7.64993,45.11213],[7.64538,45.11208],[7.63433,45.11289],[7.62291,45.11381],[7.60719,45.12],[7.60704,45.12026],[7.60442,45.12408],[7.6043,45.12845],[7.60469,45.12983],[7.6038,45.13574],[7.60022,45.14306],[7.5988,45.14451],[7.59603,45.14517],[7.59431,45.14646],[7.59003,45.1526],[7.58445,45.16274],[7.58405,45.16491],[7.58321,45.17145],[7.5836,45.17372],[7.58649,45.17549],[7.5874,45.17578],[7.59025,45.17491],[7.59955,45.17052],[7.60338,45.16946],[7.60719,45.16663],[7.61984,45.15986],[7.62278,45.1585],[7.62737,45.15701],[7.62884,45.15813],[7.63636,45.15829],[7.63786,45.15816],[7.63803,45.15327]]]}},{"type":"Feature","properties":{"tipo":"comune","nome":"Borgaro Torinese","istat":"001028","diocesi":"Torino","lp":[45.14699,7.66311]},"geometry":{"type":"Polygon","coordinates":[[[7.68784,45.14879],[7.68907,45.14486],[7.69245,45.13899],[7.69359,45.13584],[7.6938,45.13438],[7.6905,45.13353],[7.6833,45.13684],[7.67856,45.13807],[7.66748,45.13843],[7.65379,45.13499],[7.65475,45.13199],[7.65575,45.12962],[7.65667,45.12893],[7.65712,45.12774],[7.65428,45.12458],[7.65247,45.12697],[7.65041,45.12872],[7.64723,45.12922],[7.64069,45.13522],[7.64084,45.13718],[7.64079,45.14984],[7.63803,45.15327],[7.63786,45.15816],[7.64266,45.15715],[7.647,45.1582],[7.65094,45.16087],[7.65346,45.16165],[7.65908,45.16309],[7.6629,45.16341],[7.67059,45.16245],[7.67287,45.16134],[7.67555,45.15861],[7.68367,45.15569],[7.68701,45.15501],[7.68784,45.14879]]]}},{"type":"Feature","properties":{"tipo":"comune","nome":"Caselle Torinese","istat":"001063","diocesi":"Torino","lp":[45.1774,7.65097]},"geometry":{"type":"Polygon","coordinates":[[[7.68367,45.15569],[7.67555,45.15861],[7.67287,45.16134],[7.67059,45.16245],[7.6629,45.16341],[7.65908,45.16309],[7.65346,45.16165],[7.65094,45.16087],[7.647,45.1582],[7.64266,45.15715],[7.63786,45.15816],[7.63636,45.15829],[7.62884,45.15813],[7.62737,45.15701],[7.62278,45.1585],[7.61984,45.15986],[7.60719,45.16663],[7.60338,45.16946],[7.60819,45.1717],[7.61027,45.17527],[7.61117,45.17891],[7.61087,45.18181],[7.62017,45.18738],[7.6233,45.18968],[7.62914,45.19324],[7.63876,45.19699],[7.6407,45.19753],[7.64888,45.19813],[7.66997,45.19807],[7.67431,45.19794],[7.67849,45.19718],[7.68475,45.19483],[7.6859,45.19129],[7.68751,45.18269],[7.69216,45.17485],[7.69421,45.17068],[7.6837,45.16882],[7.68245,45.16725],[7.68357,45.1659],[7.6855,45.16257],[7.68643,45.15933],[7.68701,45.15501],[7.68367,45.15569]]]}},{"type":"Feature","properties":{"tipo":"comune","nome":"San Maurizio Canavese","istat":"001248","diocesi":"Torino","lp":[45.20443,7.63583]},"geometry":{"type":"Polygon","coordinates":[[[7.67849,45.19718],[7.67431,45.19794],[7.66997,45.19807],[7.64888,45.19813],[7.6407,45.19753],[7.63876,45.19699],[7.62914,45.19324],[7.6233,45.18968],[7.62017,45.18738],[7.61087,45.18181],[7.60953,45.18078],[7.60452,45.18044],[7.59834,45.18684],[7.59627,45.19131],[7.59267,45.19195],[7.59596,45.19584],[7.60507,45.20358],[7.61163,45.20878],[7.61445,45.21239],[7.61789,45.21857],[7.62098,45.22291],[7.6252,45.22614],[7.62744,45.22817],[7.62904,45.22976],[7.63146,45.22859],[7.63334,45.22606],[7.63359,45.22487],[7.63816,45.22187],[7.64151,45.22041],[7.64685,45.219],[7.64796,45.21933],[7.66161,45.21508],[7.67207,45.21144],[7.67748,45.2092],[7.68778,45.20606],[7.68475,45.19483],[7.67849,45.19718]]]}},{"type":"Feature","properties":{"tipo":"comune","nome":"San Francesco al Campo","istat":"001240","diocesi":"Torino","lp":[45.2298,7.66656]},"geometry":{"type":"Polygon","coordinates":[[[7.66593,45.25452],[7.66546,45.2504],[7.66709,45.24905],[7.68084,45.24513],[7.68767,45.24352],[7.68935,45.24334],[7.69133,45.24356],[7.69011,45.23088],[7.69123,45.23003],[7.69116,45.21805],[7.69072,45.2139],[7.6899,45.21096],[7.68778,45.20606],[7.67748,45.2092],[7.67207,45.21144],[7.66161,45.21508],[7.64796,45.21933],[7.64685,45.219],[7.64151,45.22041],[7.63816,45.22187],[7.63359,45.22487],[7.63334,45.22606],[7.63146,45.22859],[7.62904,45.22976],[7.63248,45.23223],[7.65375,45.24213],[7.65584,45.24587],[7.65617,45.25578],[7.66225,45.25465],[7.66593,45.25452]]]}},{"type":"Feature","properties":{"tipo":"comune","nome":"Ciriè","istat":"001086","diocesi":"Torino","lp":[45.21968,7.59173]},"geometry":{"type":"Polygon","coordinates":[[[7.6252,45.22614],[7.62098,45.22291],[7.61789,45.21857],[7.61445,45.21239],[7.61163,45.20878],[7.60507,45.20358],[7.59596,45.19584],[7.59267,45.19195],[7.5774,45.20007],[7.57233,45.20263],[7.56494,45.20518],[7.56101,45.20621],[7.55854,45.2059],[7.55645,45.20683],[7.55295,45.20999],[7.56001,45.2136],[7.56884,45.22121],[7.57928,45.23522],[7.58389,45.24487],[7.58406,45.2483],[7.58984,45.24652],[7.60025,45.2429],[7.60727,45.23941],[7.62434,45.22942],[7.62744,45.22817],[7.6252,45.22614]]]}},{"type":"Feature","properties":{"tipo":"comune","nome":"San Carlo Canavese","istat":"001237","diocesi":"Torino","lp":[45.25478,7.61774]},"geometry":{"type":"Polygon","coordinates":[[[7.62434,45.22942],[7.60727,45.23941],[7.60025,45.2429],[7.58984,45.24652],[7.58406,45.2483],[7.58039,45.24908],[7.57934,45.25195],[7.58281,45.25428],[7.58504,45.26229],[7.5854,45.26415],[7.58532,45.27942],[7.58478,45.28033],[7.58648,45.28257],[7.58999,45.28049],[7.59931,45.27646],[7.60256,45.27571],[7.60783,45.27502],[7.61506,45.2734],[7.62158,45.27166],[7.62605,45.27035],[7.64207,45.26707],[7.6441,45.2635],[7.65252,45.26136],[7.65182,45.25564],[7.65617,45.25578],[7.65584,45.24587],[7.65375,45.24213],[7.63248,45.23223],[7.62904,45.22976],[7.62744,45.22817],[7.62434,45.22942]]]}},{"type":"Feature","properties":{"tipo":"comune","nome":"Front","istat":"001109","diocesi":"Torino","lp":[45.27352,7.66806]},"geometry":{"type":"Polygon","coordinates":[[[7.6681,45.29642],[7.66948,45.29523],[7.6719,45.29143],[7.6745,45.28392],[7.67508,45.28309],[7.68981,45.27592],[7.69074,45.27706],[7.70157,45.27082],[7.70089,45.26997],[7.69905,45.26629],[7.69903,45.26304],[7.69757,45.26226],[7.68814,45.26057],[7.68377,45.2605],[7.67387,45.25995],[7.67024,45.25886],[7.66783,45.25747],[7.66647,45.25592],[7.66593,45.25452],[7.66225,45.25465],[7.66245,45.26058],[7.66233,45.26204],[7.65535,45.27028],[7.64531,45.26934],[7.64049,45.26905],[7.62911,45.2698],[7.62659,45.2719],[7.62857,45.27509],[7.63749,45.27831],[7.64223,45.27879],[7.64655,45.279],[7.65185,45.27966],[7.6589,45.28189],[7.6589,45.28801],[7.66155,45.29387],[7.66469,45.29821],[7.6681,45.29642]]]}},{"type":"Feature","properties":{"tipo":"comune","nome":"Vauda Canavese","istat":"001290","diocesi":"Torino","lp":[45.28008,7.62206]},"geometry":{"type":"Polygon","coordinates":[[[7.58906,45.28174],[7.59307,45.28095],[7.5976,45.28066],[7.60857,45.28087],[7.61717,45.28173],[7.63457,45.28415],[7.65014,45.2898],[7.65836,45.29752],[7.6593,45.29913],[7.65996,45.30187],[7.65937,45.30369],[7.65861,45.30386],[7.66094,45.30572],[7.66233,45.3057],[7.66115,45.30392],[7.66159,45.30238],[7.6626,45.30075],[7.66469,45.29821],[7.66155,45.29387],[7.6589,45.28801],[7.6589,45.28189],[7.65185,45.27966],[7.64655,45.279],[7.64223,45.27879],[7.63749,45.27831],[7.62857,45.27509],[7.62659,45.2719],[7.62911,45.2698],[7.64049,45.26905],[7.64531,45.26934],[7.65535,45.27028],[7.66233,45.26204],[7.66245,45.26058],[7.66225,45.25465],[7.65617,45.25578],[7.65182,45.25564],[7.65252,45.26136],[7.6441,45.2635],[7.64207,45.26707],[7.62605,45.27035],[7.62158,45.27166],[7.61506,45.2734],[7.60783,45.27502],[7.60256,45.27571],[7.59931,45.27646],[7.58999,45.28049],[7.58648,45.28257],[7.58906,45.28174]]]}},{"type":"Feature","properties":{"tipo":"comune","nome":"Rivarossa","istat":"001218","diocesi":"Torino","lp":[45.2535,7.70222]},"geometry":{"type":"Polygon","coordinates":[[[7.66647,45.25592],[7.66783,45.25747],[7.67024,45.25886],[7.67387,45.25995],[7.68377,45.2605],[7.68814,45.26057],[7.69757,45.26226],[7.69903,45.26304],[7.69905,45.26629],[7.70089,45.26997],[7.70157,45.27082],[7.70947,45.26887],[7.72424,45.25951],[7.73854,45.2516],[7.74059,45.25],[7.73876,45.24962],[7.73455,45.24716],[7.73249,45.24559],[7.71946,45.24295],[7.70956,45.24248],[7.69556,45.24255],[7.69133,45.24356],[7.68935,45.24334],[7.68767,45.24352],[7.68084,45.24513],[7.66709,45.24905],[7.66546,45.2504],[7.66593,45.25452],[7.66647,45.25592]]]}},{"type":"Feature","properties":{"tipo":"comune","nome":"Barbania","istat":"001021","diocesi":"Torino","lp":[45.29436,7.62062]},"geometry":{"type":"Polygon","coordinates":[[[7.65861,45.30386],[7.65937,45.30369],[7.65996,45.30187],[7.6593,45.29913],[7.65836,45.29752],[7.65014,45.2898],[7.63457,45.28415],[7.61717,45.28173],[7.60857,45.28087],[7.5976,45.28066],[7.59307,45.28095],[7.58906,45.28174],[7.58648,45.28257],[7.58811,45.28701],[7.58711,45.29213],[7.58626,45.29351],[7.59148,45.29814],[7.60217,45.30507],[7.60437,45.30627],[7.60713,45.30686],[7.61101,45.30713],[7.6159,45.30683],[7.61847,45.30651],[7.62597,45.30779],[7.6263,45.30865],[7.62893,45.30714],[7.63019,45.30676],[7.64008,45.30572],[7.65544,45.30371],[7.65753,45.30462],[7.65861,45.30386]]]}},{"type":"Feature","properties":{"tipo":"comune","nome":"Rocca Canavese","istat":"001221","diocesi":"Torino","lp":[45.30852,7.57517]},"geometry":{"type":"Polygon","coordinates":[[[7.60437,45.30627],[7.60217,45.30507],[7.59148,45.29814],[7.58626,45.29351],[7.58711,45.29213],[7.58811,45.28701],[7.58648,45.28257],[7.58478,45.28033],[7.56628,45.28612],[7.56215,45.28812],[7.56291,45.29853],[7.56032,45.30327],[7.55461,45.31004],[7.55295,45.31639],[7.55611,45.31858],[7.55788,45.32484],[7.55624,45.3271],[7.54496,45.33739],[7.54156,45.33902],[7.54637,45.33884],[7.55668,45.33544],[7.56188,45.33288],[7.57009,45.32866],[7.57623,45.32594],[7.5825,45.32363],[7.58895,45.32111],[7.59089,45.31976],[7.59115,45.31677],[7.59177,45.31622],[7.5988,45.31404],[7.60477,45.31245],[7.60726,45.30822],[7.60713,45.30686],[7.60437,45.30627]]]}},{"type":"Feature","properties":{"tipo":"comune","nome":"Levone","istat":"001133","diocesi":"Torino","lp":[45.32021,7.60079]},"geometry":{"type":"Polygon","coordinates":[[[7.62597,45.30779],[7.61847,45.30651],[7.6159,45.30683],[7.61101,45.30713],[7.60713,45.30686],[7.60726,45.30822],[7.60477,45.31245],[7.5988,45.31404],[7.59177,45.31622],[7.59115,45.31677],[7.59089,45.31976],[7.58895,45.32111],[7.5825,45.32363],[7.57623,45.32594],[7.57009,45.32866],[7.57151,45.32967],[7.57629,45.33208],[7.5819,45.33377],[7.58677,45.33462],[7.59111,45.33185],[7.59349,45.32902],[7.59783,45.32561],[7.59947,45.32454],[7.60569,45.32421],[7.60816,45.32425],[7.61039,45.3257],[7.61398,45.32622],[7.61618,45.3261],[7.61705,45.32479],[7.61709,45.32295],[7.6131,45.32298],[7.61431,45.32103],[7.61879,45.31799],[7.62575,45.31075],[7.6263,45.30865],[7.62597,45.30779]]]}},{"type":"Feature","properties":{"tipo":"comune","nome":"Rivara","istat":"001216","diocesi":"Torino","lp":[45.32616,7.63186]},"geometry":{"type":"MultiPolygon","coordinates":[[[[7.65544,45.30371],[7.64008,45.30572],[7.63019,45.30676],[7.62893,45.30714],[7.6263,45.30865],[7.62575,45.31075],[7.61879,45.31799],[7.61431,45.32103],[7.6131,45.32298],[7.61709,45.32295],[7.61705,45.32479],[7.61618,45.3261],[7.61398,45.32622],[7.61039,45.3257],[7.60844,45.32607],[7.60601,45.33077],[7.60596,45.33306],[7.60712,45.33385],[7.61004,45.33368],[7.6071,45.33926],[7.60565,45.34013],[7.60861,45.34223],[7.61274,45.3441],[7.61505,45.3444],[7.61795,45.34571],[7.61884,45.34684],[7.61708,45.3476],[7.6244,45.348],[7.62544,45.34479],[7.62838,45.34146],[7.64106,45.33911],[7.64762,45.33976],[7.66147,45.34076],[7.65693,45.33857],[7.6535,45.3381],[7.65012,45.33675],[7.64912,45.33425],[7.65193,45.32522],[7.65448,45.31523],[7.65466,45.30969],[7.65753,45.30462],[7.65544,45.30371]]],[[[7.60052,45.34243],[7.60059,45.34362],[7.60205,45.34315],[7.6022,45.34253],[7.60052,45.34243]]],[[[7.58655,45.34967],[7.58604,45.35686],[7.59079,45.3526],[7.5917,45.3492],[7.58655,45.34967]]]]}},{"type":"Feature","properties":{"tipo":"comune","nome":"Busano","istat":"001043","diocesi":"Torino","lp":[45.32239,7.661]},"geometry":{"type":"Polygon","coordinates":[[[7.65753,45.30462],[7.65466,45.30969],[7.65448,45.31523],[7.65193,45.32522],[7.64912,45.33425],[7.65012,45.33675],[7.6535,45.3381],[7.65693,45.33857],[7.66147,45.34076],[7.66582,45.33985],[7.6671,45.33805],[7.6677,45.33471],[7.66766,45.33204],[7.67147,45.33201],[7.67164,45.33047],[7.67036,45.32413],[7.66775,45.3121],[7.66679,45.30624],[7.66714,45.29912],[7.6681,45.29642],[7.66469,45.29821],[7.6626,45.30075],[7.66159,45.30238],[7.66115,45.30392],[7.66233,45.3057],[7.66094,45.30572],[7.65861,45.30386],[7.65753,45.30462]]]}},{"type":"Feature","properties":{"tipo":"comune","nome":"Forno Canavese","istat":"001107","diocesi":"Torino","lp":[45.34737,7.56718]},"geometry":{"type":"Polygon","coordinates":[[[7.53445,45.35265],[7.53272,45.35619],[7.53135,45.35951],[7.53031,45.36384],[7.52929,45.36938],[7.53045,45.37182],[7.53713,45.36929],[7.54795,45.36616],[7.56596,45.36237],[7.57863,45.36056],[7.58043,45.36099],[7.58421,45.35872],[7.58604,45.35686],[7.58655,45.34967],[7.5917,45.3492],[7.60059,45.34362],[7.60052,45.34243],[7.6022,45.34253],[7.60565,45.34013],[7.6071,45.33926],[7.61004,45.33368],[7.60712,45.33385],[7.60596,45.33306],[7.60601,45.33077],[7.60844,45.32607],[7.61039,45.3257],[7.60816,45.32425],[7.60569,45.32421],[7.59947,45.32454],[7.59783,45.32561],[7.59349,45.32902],[7.59111,45.33185],[7.58677,45.33462],[7.5819,45.33377],[7.57629,45.33208],[7.57151,45.32967],[7.57009,45.32866],[7.56188,45.33288],[7.55668,45.33544],[7.54637,45.33884],[7.54156,45.33902],[7.53445,45.35265]]]}},{"type":"Feature","properties":{"tipo":"comune","nome":"Pratiglione","istat":"001207","diocesi":"Torino","lp":[45.3618,7.57788]},"geometry":{"type":"Polygon","coordinates":[[[7.57787,45.36867],[7.58224,45.36641],[7.58932,45.36557],[7.59453,45.36617],[7.59869,45.36227],[7.61631,45.35089],[7.61708,45.3476],[7.61884,45.34684],[7.61795,45.34571],[7.61505,45.3444],[7.61274,45.3441],[7.60861,45.34223],[7.60565,45.34013],[7.6022,45.34253],[7.60205,45.34315],[7.60059,45.34362],[7.5917,45.3492],[7.59079,45.3526],[7.58604,45.35686],[7.58421,45.35872],[7.58043,45.36099],[7.57863,45.36056],[7.56596,45.36237],[7.54795,45.36616],[7.53713,45.36929],[7.53045,45.37182],[7.53617,45.37515],[7.53794,45.37598],[7.53984,45.37728],[7.54205,45.38231],[7.54213,45.38329],[7.5504,45.37983],[7.55357,45.37791],[7.55444,45.37699],[7.55546,45.37474],[7.56859,45.36716],[7.5739,45.369],[7.57787,45.36867]]]}},{"type":"Feature","properties":{"tipo":"comune","nome":"Prascorsano","istat":"001206","diocesi":"Torino","lp":[45.36397,7.61822]},"geometry":{"type":"MultiPolygon","coordinates":[[[[7.6003,45.3665],[7.60642,45.36911],[7.6154,45.37355],[7.61934,45.3758],[7.61964,45.37802],[7.62902,45.37926],[7.63398,45.3809],[7.63536,45.38242],[7.63905,45.38012],[7.63924,45.37917],[7.6337,45.37473],[7.62962,45.36827],[7.62804,45.36549],[7.62185,45.36236],[7.63209,45.36271],[7.63269,45.36141],[7.63206,45.35682],[7.63077,45.34881],[7.62834,45.3478],[7.6244,45.348],[7.61708,45.3476],[7.61631,45.35089],[7.59869,45.36227],[7.59453,45.36617],[7.6003,45.3665]]],[[[7.56417,45.37051],[7.5739,45.369],[7.56859,45.36716],[7.55546,45.37474],[7.56417,45.37051]]]]}},{"type":"Feature","properties":{"tipo":"comune","nome":"San Colombano Belmonte","istat":"001238","diocesi":"Torino","lp":[45.38624,7.60823]},"geometry":{"type":"Polygon","coordinates":[[[7.6135,45.37658],[7.61001,45.37754],[7.6033,45.38163],[7.5877,45.39068],[7.58433,45.39381],[7.58959,45.39309],[7.59422,45.39546],[7.59811,45.39666],[7.60205,45.39742],[7.60416,45.39669],[7.60402,45.39444],[7.60345,45.39271],[7.61545,45.3883],[7.62188,45.38726],[7.62938,45.38351],[7.62956,45.37988],[7.62902,45.37926],[7.61964,45.37802],[7.6135,45.37658]]]}},{"type":"Feature","properties":{"tipo":"comune","nome":"Canischio","istat":"001052","diocesi":"Torino","lp":[45.38051,7.57761]},"geometry":{"type":"Polygon","coordinates":[[[7.58433,45.39381],[7.5877,45.39068],[7.6033,45.38163],[7.61001,45.37754],[7.6135,45.37658],[7.61964,45.37802],[7.61934,45.3758],[7.6154,45.37355],[7.60642,45.36911],[7.6003,45.3665],[7.59453,45.36617],[7.58932,45.36557],[7.58224,45.36641],[7.57787,45.36867],[7.5739,45.369],[7.56417,45.37051],[7.55546,45.37474],[7.55444,45.37699],[7.55357,45.37791],[7.5504,45.37983],[7.54213,45.38329],[7.54041,45.38447],[7.54134,45.38581],[7.5512,45.39458],[7.55995,45.39532],[7.56332,45.39525],[7.57412,45.39363],[7.57703,45.39347],[7.57872,45.3938],[7.58095,45.39501],[7.58433,45.39381]]]}},{"type":"Feature","properties":{"tipo":"comune","nome":"Cuorgnè","istat":"001098","diocesi":"Torino","lp":[45.39971,7.63246]},"geometry":{"type":"Polygon","coordinates":[[[7.58232,45.39711],[7.588,45.40113],[7.59469,45.40553],[7.59772,45.40902],[7.61792,45.41476],[7.63017,45.42487],[7.63065,45.42784],[7.63493,45.42786],[7.64115,45.41812],[7.64441,45.41331],[7.65151,45.40995],[7.65413,45.40893],[7.66095,45.40935],[7.66272,45.40727],[7.66517,45.40393],[7.6647,45.39891],[7.66733,45.3944],[7.66582,45.39237],[7.66575,45.39117],[7.66706,45.38829],[7.66844,45.38766],[7.66921,45.38786],[7.675,45.38587],[7.67007,45.38074],[7.66204,45.38095],[7.64901,45.38151],[7.63924,45.37917],[7.63905,45.38012],[7.63536,45.38242],[7.63398,45.3809],[7.62902,45.37926],[7.62956,45.37988],[7.62938,45.38351],[7.62188,45.38726],[7.61545,45.3883],[7.60345,45.39271],[7.60402,45.39444],[7.60416,45.39669],[7.60205,45.39742],[7.59811,45.39666],[7.59422,45.39546],[7.58959,45.39309],[7.58433,45.39381],[7.58095,45.39501],[7.58232,45.39711]]]}},{"type":"Feature","properties":{"tipo":"comune","nome":"Valperga","istat":"001287","diocesi":"Torino","lp":[45.36791,7.66016]},"geometry":{"type":"Polygon","coordinates":[[[7.67863,45.38434],[7.6911,45.37446],[7.6954,45.37057],[7.687,45.36983],[7.68452,45.36871],[7.67652,45.36415],[7.6768,45.36249],[7.67711,45.35761],[7.67603,45.35554],[7.67309,45.3535],[7.67133,45.35263],[7.66718,45.35212],[7.66486,45.35201],[7.65696,45.34808],[7.65372,45.34338],[7.64815,45.34273],[7.64798,45.34355],[7.64922,45.34622],[7.65101,45.34847],[7.65234,45.35376],[7.65135,45.35768],[7.65081,45.35896],[7.6495,45.3602],[7.64616,45.36075],[7.64381,45.3597],[7.64247,45.35989],[7.63581,45.36148],[7.63209,45.36271],[7.62804,45.36549],[7.62962,45.36827],[7.6337,45.37473],[7.63924,45.37917],[7.64901,45.38151],[7.66204,45.38095],[7.67007,45.38074],[7.675,45.38587],[7.67863,45.38434]]]}},{"type":"Feature","properties":{"tipo":"comune","nome":"Salassa","istat":"001231","diocesi":"Torino","lp":[45.35918,7.69265]},"geometry":{"type":"Polygon","coordinates":[[[7.69895,45.36877],[7.70628,45.36534],[7.70859,45.36235],[7.71025,45.35879],[7.71443,45.35718],[7.7124,45.35467],[7.7085,45.35171],[7.70146,45.3502],[7.69847,45.35228],[7.69327,45.35265],[7.68954,45.35169],[7.67581,45.3467],[7.67603,45.35554],[7.67711,45.35761],[7.6768,45.36249],[7.67652,45.36415],[7.68452,45.36871],[7.687,45.36983],[7.6954,45.37057],[7.69895,45.36877]]]}},{"type":"Feature","properties":{"tipo":"comune","nome":"Pertusio","istat":"001187","diocesi":"Torino","lp":[45.35053,7.63946]},"geometry":{"type":"MultiPolygon","coordinates":[[[[7.62185,45.36236],[7.62804,45.36549],[7.63209,45.36271],[7.62185,45.36236]]],[[[7.63581,45.36148],[7.64247,45.35989],[7.64381,45.3597],[7.64616,45.36075],[7.6495,45.3602],[7.65081,45.35896],[7.65135,45.35768],[7.65234,45.35376],[7.65101,45.34847],[7.64922,45.34622],[7.64798,45.34355],[7.64815,45.34273],[7.64762,45.33976],[7.64106,45.33911],[7.62838,45.34146],[7.62544,45.34479],[7.6244,45.348],[7.62834,45.3478],[7.63077,45.34881],[7.63206,45.35682],[7.63269,45.36141],[7.63209,45.36271],[7.63581,45.36148]]]]}},{"type":"Feature","properties":{"tipo":"comune","nome":"San Ponso","istat":"001251","diocesi":"Torino","lp":[45.3461,7.6643]},"geometry":{"type":"Polygon","coordinates":[[[7.66147,45.34076],[7.64762,45.33976],[7.64815,45.34273],[7.65372,45.34338],[7.65696,45.34808],[7.66486,45.35201],[7.66718,45.35212],[7.67133,45.35263],[7.67309,45.3535],[7.67603,45.35554],[7.67581,45.3467],[7.66582,45.33985],[7.66147,45.34076]]]}},{"type":"Feature","properties":{"tipo":"comune","nome":"Oglianico","istat":"001170","diocesi":"Torino","lp":[45.34328,7.68665]},"geometry":{"type":"MultiPolygon","coordinates":[[[[7.69165,45.27877],[7.69162,45.28863],[7.69267,45.29391],[7.70245,45.29378],[7.70267,45.29049],[7.70321,45.28805],[7.70732,45.276],[7.70947,45.26887],[7.70157,45.27082],[7.69074,45.27706],[7.69165,45.27877]]],[[[7.66766,45.33204],[7.6677,45.33471],[7.6671,45.33805],[7.66582,45.33985],[7.67581,45.3467],[7.68954,45.35169],[7.69327,45.35265],[7.69847,45.35228],[7.70146,45.3502],[7.70329,45.33785],[7.69728,45.33761],[7.68056,45.33782],[7.67593,45.33769],[7.67497,45.33714],[7.67412,45.33467],[7.67147,45.33201],[7.66766,45.33204]]]]}},{"type":"Feature","properties":{"tipo":"comune","nome":"Favria","istat":"001101","diocesi":"Torino","lp":[45.31073,7.68539]},"geometry":{"type":"Polygon","coordinates":[[[7.66714,45.29912],[7.66679,45.30624],[7.66775,45.3121],[7.67036,45.32413],[7.67164,45.33047],[7.67147,45.33201],[7.67412,45.33467],[7.67497,45.33714],[7.67593,45.33769],[7.68056,45.33782],[7.69728,45.33761],[7.70329,45.33785],[7.70307,45.33238],[7.70194,45.31582],[7.70194,45.30512],[7.70239,45.29674],[7.70245,45.29378],[7.69267,45.29391],[7.69162,45.28863],[7.69165,45.27877],[7.69074,45.27706],[7.68981,45.27592],[7.67508,45.28309],[7.6745,45.28392],[7.6719,45.29143],[7.66948,45.29523],[7.6681,45.29642],[7.66714,45.29912]]]}},{"type":"Feature","properties":{"tipo":"comune","nome":"Leini","istat":"001130","diocesi":"Torino","lp":[45.18751,7.71976]},"geometry":{"type":"Polygon","coordinates":[[[7.69216,45.17485],[7.68751,45.18269],[7.6859,45.19129],[7.68475,45.19483],[7.68778,45.20606],[7.6899,45.21096],[7.69072,45.2139],[7.69116,45.21805],[7.69123,45.23003],[7.69819,45.22733],[7.70924,45.22242],[7.71694,45.22053],[7.73724,45.21653],[7.73842,45.21654],[7.73885,45.21174],[7.73718,45.20891],[7.73625,45.20665],[7.73498,45.19786],[7.73621,45.19691],[7.74176,45.19387],[7.74502,45.19244],[7.74805,45.19066],[7.75174,45.18597],[7.75783,45.17508],[7.75933,45.17132],[7.75914,45.16781],[7.75878,45.16719],[7.75424,45.16062],[7.74965,45.15874],[7.73995,45.15234],[7.73344,45.14929],[7.72846,45.14832],[7.7283,45.1476],[7.72576,45.14763],[7.72231,45.14796],[7.7223,45.14906],[7.71977,45.15677],[7.70846,45.16424],[7.70485,45.16875],[7.69912,45.17148],[7.69421,45.17068],[7.69216,45.17485]]]}},{"type":"Feature","properties":{"tipo":"comune","nome":"Volpiano","istat":"001314","diocesi":"Torino","lp":[45.19461,7.78359]},"geometry":{"type":"Polygon","coordinates":[[[7.83256,45.18668],[7.82522,45.18136],[7.8197,45.1772],[7.81595,45.17337],[7.81467,45.17082],[7.81369,45.16554],[7.8142,45.16417],[7.81421,45.16271],[7.81251,45.16315],[7.80449,45.16661],[7.79831,45.17067],[7.79866,45.17327],[7.79555,45.17444],[7.78324,45.17491],[7.77535,45.17153],[7.77268,45.16952],[7.76631,45.16566],[7.76046,45.16671],[7.75878,45.16719],[7.75914,45.16781],[7.75933,45.17132],[7.75783,45.17508],[7.75174,45.18597],[7.74805,45.19066],[7.74502,45.19244],[7.74176,45.19387],[7.73621,45.19691],[7.73498,45.19786],[7.73625,45.20665],[7.73718,45.20891],[7.73885,45.21174],[7.73842,45.21654],[7.73724,45.21653],[7.73784,45.21945],[7.7385,45.21992],[7.743,45.22088],[7.74627,45.22112],[7.75334,45.22052],[7.77823,45.21748],[7.78565,45.21641],[7.79581,45.21365],[7.80117,45.21163],[7.81732,45.20816],[7.82082,45.20779],[7.83042,45.204],[7.83384,45.20205],[7.83375,45.20031],[7.83248,45.19585],[7.83279,45.19274],[7.83341,45.19126],[7.8351,45.18841],[7.83256,45.18668]]]}},{"type":"Feature","properties":{"tipo":"comune","nome":"Brandizzo","istat":"001034","diocesi":"Torino","lp":[45.17357,7.83437]},"geometry":{"type":"Polygon","coordinates":[[[7.84459,45.1673],[7.8376,45.16133],[7.83091,45.1581],[7.82593,45.15944],[7.82213,45.16424],[7.82059,45.16595],[7.81764,45.1665],[7.81487,45.16543],[7.8142,45.16417],[7.81369,45.16554],[7.81467,45.17082],[7.81595,45.17337],[7.8197,45.1772],[7.82522,45.18136],[7.83256,45.18668],[7.8351,45.18841],[7.84075,45.18768],[7.84668,45.18501],[7.84904,45.18378],[7.85062,45.18039],[7.8558,45.17397],[7.84459,45.1673]]]}},{"type":"Feature","properties":{"tipo":"comune","nome":"Mappano","istat":"001316","diocesi":"Torino","lp":[45.1509,7.7037]},"geometry":{"type":"Polygon","coordinates":[[[7.69359,45.13584],[7.69245,45.13899],[7.68907,45.14486],[7.68784,45.14879],[7.68701,45.15501],[7.68643,45.15933],[7.6855,45.16257],[7.68357,45.1659],[7.68245,45.16725],[7.6837,45.16882],[7.69421,45.17068],[7.69912,45.17148],[7.70485,45.16875],[7.70846,45.16424],[7.71977,45.15677],[7.7223,45.14906],[7.72231,45.14796],[7.72576,45.14763],[7.7283,45.1476],[7.72846,45.14832],[7.72886,45.1468],[7.72834,45.14376],[7.725,45.13915],[7.72079,45.13765],[7.71668,45.13806],[7.71319,45.13753],[7.71202,45.13695],[7.71113,45.13315],[7.70937,45.13255],[7.70375,45.13163],[7.69753,45.13107],[7.69426,45.13292],[7.6938,45.13438],[7.69359,45.13584]]]}},{"type":"Feature","properties":{"tipo":"comune","nome":"Settimo Torinese","istat":"001265","diocesi":"Torino","lp":[45.14577,7.77311]},"geometry":{"type":"Polygon","coordinates":[[[7.81487,45.16543],[7.81764,45.1665],[7.82059,45.16595],[7.82213,45.16424],[7.82593,45.15944],[7.83208,45.15422],[7.82635,45.15015],[7.80802,45.13884],[7.80563,45.1383],[7.80287,45.13845],[7.80189,45.13877],[7.80049,45.14001],[7.79757,45.14132],[7.79418,45.13961],[7.79323,45.1388],[7.78067,45.12648],[7.77604,45.12634],[7.77262,45.12362],[7.76985,45.11488],[7.76749,45.11139],[7.75261,45.11361],[7.75437,45.11808],[7.75256,45.12133],[7.74964,45.12227],[7.74602,45.12467],[7.74288,45.12223],[7.73667,45.12338],[7.72963,45.12521],[7.72224,45.12603],[7.72017,45.13056],[7.72287,45.13161],[7.72455,45.13548],[7.72481,45.13672],[7.72378,45.13717],[7.72079,45.13765],[7.725,45.13915],[7.72834,45.14376],[7.72886,45.1468],[7.72846,45.14832],[7.73344,45.14929],[7.73995,45.15234],[7.74965,45.15874],[7.75424,45.16062],[7.75878,45.16719],[7.76046,45.16671],[7.76631,45.16566],[7.77268,45.16952],[7.77535,45.17153],[7.78324,45.17491],[7.79555,45.17444],[7.79866,45.17327],[7.79831,45.17067],[7.80449,45.16661],[7.81251,45.16315],[7.81421,45.16271],[7.8142,45.16417],[7.81487,45.16543]]]}},{"type":"Feature","properties":{"tipo":"comune","nome":"San Raffaele Cimena","istat":"001252","diocesi":"Torino","lp":[45.15207,7.85589]},"geometry":{"type":"Polygon","coordinates":[[[7.83091,45.1581],[7.8376,45.16133],[7.84459,45.1673],[7.8558,45.17397],[7.86738,45.17227],[7.86861,45.16897],[7.87014,45.16255],[7.86932,45.1575],[7.87529,45.14864],[7.87817,45.14569],[7.87976,45.14555],[7.8848,45.14587],[7.8714,45.13514],[7.86517,45.13474],[7.85275,45.13328],[7.84944,45.13275],[7.84748,45.13339],[7.84302,45.13585],[7.8424,45.13859],[7.84129,45.14105],[7.83796,45.14711],[7.83508,45.15147],[7.83208,45.15422],[7.82593,45.15944],[7.83091,45.1581]]]}},{"type":"Feature","properties":{"tipo":"comune","nome":"Castagneto Po","istat":"001064","diocesi":"Torino","lp":[45.1625,7.8925]},"geometry":{"type":"Polygon","coordinates":[[[7.90548,45.14896],[7.89172,45.14345],[7.88719,45.14132],[7.8848,45.14587],[7.87976,45.14555],[7.87817,45.14569],[7.87529,45.14864],[7.86932,45.1575],[7.87014,45.16255],[7.86861,45.16897],[7.86738,45.17227],[7.87357,45.17261],[7.87921,45.17645],[7.88041,45.17671],[7.89188,45.17782],[7.90104,45.178],[7.90843,45.1779],[7.91171,45.17765],[7.91469,45.17702],[7.92029,45.17545],[7.92607,45.17325],[7.92319,45.17109],[7.91298,45.16772],[7.9104,45.1672],[7.90638,45.16434],[7.90724,45.16271],[7.91217,45.15546],[7.91405,45.1531],[7.90548,45.14896]]]}},{"type":"Feature","properties":{"tipo":"comune","nome":"San Sebastiano da Po","istat":"001253","diocesi":"Torino","lp":[45.16001,7.94356]},"geometry":{"type":"Polygon","coordinates":[[[7.96341,45.1454],[7.959,45.14647],[7.94171,45.14364],[7.93866,45.14261],[7.93537,45.14175],[7.93229,45.14149],[7.9289,45.14155],[7.927,45.1418],[7.9236,45.14306],[7.91787,45.14679],[7.91507,45.15118],[7.91405,45.1531],[7.91217,45.15546],[7.90724,45.16271],[7.90638,45.16434],[7.9104,45.1672],[7.91298,45.16772],[7.92319,45.17109],[7.92607,45.17325],[7.92772,45.17284],[7.93289,45.17657],[7.93973,45.18109],[7.9529,45.17726],[7.96291,45.17535],[7.97129,45.1724],[7.97295,45.17133],[7.9726,45.16999],[7.97337,45.16583],[7.97531,45.16054],[7.97661,45.15415],[7.97628,45.15189],[7.97247,45.14765],[7.96529,45.14281],[7.96341,45.1454]]]}},{"type":"Feature","properties":{"tipo":"comune","nome":"Lauriano","istat":"001129","diocesi":"Torino","lp":[45.15268,7.98951]},"geometry":{"type":"Polygon","coordinates":[[[7.97902,45.12593],[7.97513,45.1336],[7.96595,45.14197],[7.96529,45.14281],[7.97247,45.14765],[7.97628,45.15189],[7.97661,45.15415],[7.97531,45.16054],[7.97337,45.16583],[7.9726,45.16999],[7.97295,45.17133],[7.97621,45.17255],[7.97746,45.17481],[7.98712,45.17971],[8.00488,45.18066],[8.00514,45.17449],[8.00627,45.16813],[8.00515,45.16163],[8.00258,45.15768],[8.00073,45.1516],[8.00175,45.14816],[8.00731,45.14381],[8.01233,45.14114],[8.00849,45.13842],[8.00557,45.13559],[8.00484,45.13151],[8.00629,45.12866],[8.00268,45.12754],[7.99938,45.12757],[7.99459,45.12861],[7.9897,45.12932],[7.98514,45.12745],[7.98028,45.12383],[7.97902,45.12593]]]}},{"type":"Feature","properties":{"tipo":"comune","nome":"Casalborgone","istat":"001060","diocesi":"Torino","lp":[45.12959,7.93562]},"geometry":{"type":"Polygon","coordinates":[[[7.96595,45.14197],[7.97513,45.1336],[7.97902,45.12593],[7.98028,45.12383],[7.9779,45.12329],[7.97555,45.12232],[7.97402,45.12128],[7.97303,45.11974],[7.96949,45.11737],[7.96685,45.11667],[7.95845,45.11689],[7.94813,45.11428],[7.94183,45.11144],[7.93234,45.10681],[7.92851,45.10473],[7.91331,45.10874],[7.91669,45.1112],[7.91852,45.114],[7.9157,45.11564],[7.91066,45.12091],[7.91005,45.12529],[7.90213,45.13432],[7.89474,45.1361],[7.88803,45.13961],[7.88719,45.14132],[7.89172,45.14345],[7.90548,45.14896],[7.91405,45.1531],[7.91507,45.15118],[7.91787,45.14679],[7.9236,45.14306],[7.927,45.1418],[7.9289,45.14155],[7.93229,45.14149],[7.93537,45.14175],[7.93866,45.14261],[7.94171,45.14364],[7.959,45.14647],[7.96341,45.1454],[7.96529,45.14281],[7.96595,45.14197]]]}},{"type":"Feature","properties":{"tipo":"comune","nome":"Rivalba","istat":"001213","diocesi":"Torino","lp":[45.12278,7.88909]},"geometry":{"type":"Polygon","coordinates":[[[7.88803,45.13961],[7.89474,45.1361],[7.90213,45.13432],[7.91005,45.12529],[7.91066,45.12091],[7.9157,45.11564],[7.91852,45.114],[7.91669,45.1112],[7.91331,45.10874],[7.91023,45.10738],[7.90914,45.10822],[7.90326,45.11017],[7.90052,45.11045],[7.89575,45.10802],[7.89272,45.10684],[7.89023,45.10639],[7.88723,45.1068],[7.87494,45.1132],[7.86996,45.11445],[7.86694,45.11547],[7.86087,45.1187],[7.8591,45.12021],[7.85868,45.12195],[7.86169,45.12323],[7.86568,45.12415],[7.87339,45.13012],[7.8714,45.13514],[7.8848,45.14587],[7.88719,45.14132],[7.88803,45.13961]]]}},{"type":"Feature","properties":{"tipo":"comune","nome":"Gassino Torinese","istat":"001112","diocesi":"Torino","lp":[45.11776,7.83814]},"geometry":{"type":"Polygon","coordinates":[[[7.81761,45.09203],[7.81709,45.09707],[7.82089,45.09877],[7.822,45.0988],[7.82324,45.09956],[7.82445,45.10134],[7.82489,45.10332],[7.82422,45.10742],[7.82198,45.11259],[7.82065,45.12017],[7.82193,45.12165],[7.8231,45.12395],[7.82283,45.12466],[7.8155,45.13054],[7.80189,45.13877],[7.80287,45.13845],[7.80563,45.1383],[7.80802,45.13884],[7.82635,45.15015],[7.83208,45.15422],[7.83508,45.15147],[7.83796,45.14711],[7.84129,45.14105],[7.8424,45.13859],[7.84302,45.13585],[7.84748,45.13339],[7.84944,45.13275],[7.85275,45.13328],[7.86517,45.13474],[7.8714,45.13514],[7.87339,45.13012],[7.86568,45.12415],[7.86169,45.12323],[7.85868,45.12195],[7.8591,45.12021],[7.86087,45.1187],[7.85722,45.11493],[7.85552,45.11222],[7.85484,45.10965],[7.85559,45.10785],[7.8556,45.10472],[7.8549,45.10166],[7.85317,45.09571],[7.85348,45.08366],[7.85478,45.08208],[7.84448,45.07765],[7.84325,45.08072],[7.8403,45.08455],[7.83771,45.08706],[7.83536,45.08866],[7.82807,45.093],[7.82715,45.09263],[7.82129,45.08881],[7.82002,45.08767],[7.81761,45.09203]]]}},{"type":"Feature","properties":{"tipo":"comune","nome":"Castiglione Torinese","istat":"001068","diocesi":"Torino","lp":[45.11277,7.8035]},"geometry":{"type":"Polygon","coordinates":[[[7.80918,45.08561],[7.79862,45.09141],[7.79103,45.09263],[7.78697,45.09222],[7.78527,45.09498],[7.78406,45.09941],[7.78577,45.10186],[7.7883,45.10343],[7.79188,45.10807],[7.79509,45.11726],[7.79353,45.12017],[7.78763,45.11914],[7.78543,45.11904],[7.78281,45.11961],[7.77858,45.12114],[7.77262,45.12362],[7.77604,45.12634],[7.78067,45.12648],[7.79323,45.1388],[7.79418,45.13961],[7.79757,45.14132],[7.80049,45.14001],[7.80189,45.13877],[7.8155,45.13054],[7.82283,45.12466],[7.8231,45.12395],[7.82193,45.12165],[7.82065,45.12017],[7.82198,45.11259],[7.82422,45.10742],[7.82489,45.10332],[7.82445,45.10134],[7.82324,45.09956],[7.822,45.0988],[7.82089,45.09877],[7.81709,45.09707],[7.81761,45.09203],[7.82002,45.08767],[7.81399,45.08318],[7.80918,45.08561]]]}},{"type":"Feature","properties":{"tipo":"comune","nome":"San Mauro Torinese","istat":"001249","diocesi":"Torino","lp":[45.10355,7.7654]},"geometry":{"type":"Polygon","coordinates":[[[7.78469,45.09425],[7.78223,45.0948],[7.77985,45.09426],[7.77936,45.09187],[7.77285,45.08557],[7.76896,45.08167],[7.76601,45.08166],[7.75549,45.0826],[7.75076,45.08364],[7.74742,45.08621],[7.74279,45.09166],[7.74581,45.09438],[7.75096,45.0973],[7.75218,45.10221],[7.74972,45.10378],[7.7453,45.10612],[7.74071,45.10949],[7.7379,45.11278],[7.73537,45.11953],[7.73667,45.12338],[7.74288,45.12223],[7.74339,45.11728],[7.74964,45.12227],[7.75256,45.12133],[7.75437,45.11808],[7.75261,45.11361],[7.76749,45.11139],[7.76985,45.11488],[7.77262,45.12362],[7.77858,45.12114],[7.78281,45.11961],[7.78543,45.11904],[7.78763,45.11914],[7.79353,45.12017],[7.79509,45.11726],[7.79188,45.10807],[7.7883,45.10343],[7.78577,45.10186],[7.78406,45.09941],[7.78527,45.09498],[7.78697,45.09222],[7.78469,45.09425]]]}},{"type":"Feature","properties":{"tipo":"comune","nome":"Sciolze","istat":"001262","diocesi":"Torino","lp":[45.0988,7.87594]},"geometry":{"type":"Polygon","coordinates":[[[7.90609,45.09509],[7.89613,45.09499],[7.89478,45.09601],[7.89084,45.09563],[7.88835,45.09388],[7.88904,45.0925],[7.886,45.08705],[7.88052,45.08221],[7.87783,45.08059],[7.87507,45.08049],[7.87231,45.08123],[7.86792,45.08389],[7.86593,45.08246],[7.85478,45.08208],[7.85348,45.08366],[7.85317,45.09571],[7.8549,45.10166],[7.8556,45.10472],[7.85559,45.10785],[7.85484,45.10965],[7.85552,45.11222],[7.85722,45.11493],[7.86087,45.1187],[7.86694,45.11547],[7.86996,45.11445],[7.87494,45.1132],[7.88723,45.1068],[7.89023,45.10639],[7.89272,45.10684],[7.89575,45.10802],[7.90052,45.11045],[7.90326,45.11017],[7.90914,45.10822],[7.91023,45.10738],[7.90609,45.09509]]]}},{"type":"Feature","properties":{"tipo":"comune","nome":"Cinzano","istat":"001085","diocesi":"Torino","lp":[45.09324,7.92232]},"geometry":{"type":"Polygon","coordinates":[[[7.92851,45.10473],[7.93192,45.10224],[7.93579,45.09908],[7.93891,45.0936],[7.93925,45.09079],[7.94055,45.08756],[7.94219,45.08626],[7.93895,45.08421],[7.92627,45.08289],[7.92195,45.08149],[7.92006,45.07484],[7.91895,45.07462],[7.91749,45.07548],[7.91452,45.07861],[7.91336,45.08078],[7.91077,45.08744],[7.90783,45.09349],[7.90609,45.09509],[7.91023,45.10738],[7.91331,45.10874],[7.92851,45.10473]]]}},{"type":"Feature","properties":{"tipo":"comune","nome":"Berzano di San Pietro","istat":"005009","diocesi":"Torino","lp":[45.10152,7.95119]},"geometry":{"type":"Polygon","coordinates":[[[7.93234,45.10681],[7.94183,45.11144],[7.94813,45.11428],[7.95845,45.11689],[7.96685,45.11667],[7.96556,45.11152],[7.96565,45.10847],[7.96662,45.10554],[7.96733,45.10449],[7.97172,45.1011],[7.96838,45.10072],[7.96603,45.09661],[7.95829,45.08799],[7.95354,45.08614],[7.9508,45.08704],[7.94848,45.0866],[7.94399,45.08361],[7.94301,45.08354],[7.942,45.08438],[7.94219,45.08626],[7.94055,45.08756],[7.93925,45.09079],[7.93891,45.0936],[7.93579,45.09908],[7.93192,45.10224],[7.92851,45.10473],[7.93234,45.10681]]]}},{"type":"Feature","properties":{"tipo":"comune","nome":"Aramengo","istat":"005004","diocesi":"Torino","lp":[45.09866,7.99329]},"geometry":{"type":"Polygon","coordinates":[[[7.96949,45.11737],[7.97303,45.11974],[7.97402,45.12128],[7.97555,45.12232],[7.9779,45.12329],[7.98028,45.12383],[7.98448,45.1189],[7.99398,45.11176],[8.00324,45.10732],[8.0111,45.10244],[8.01222,45.09857],[8.01416,45.08982],[8.02311,45.08529],[8.02875,45.08318],[8.027,45.08032],[8.02213,45.08004],[8.0077,45.07767],[8.00337,45.07708],[7.99412,45.0811],[7.98915,45.08627],[7.97923,45.0954],[7.97499,45.09778],[7.97172,45.1011],[7.96733,45.10449],[7.96662,45.10554],[7.96565,45.10847],[7.96556,45.11152],[7.96685,45.11667],[7.96949,45.11737]]]}},{"type":"Feature","properties":{"tipo":"comune","nome":"Passerano Marmorito","istat":"005082","diocesi":"Torino","lp":[45.05589,8.01295]},"geometry":{"type":"Polygon","coordinates":[[[8.0077,45.07767],[8.02213,45.08004],[8.027,45.08032],[8.026,45.07805],[8.0257,45.0762],[8.02982,45.07416],[8.03288,45.07328],[8.03786,45.07146],[8.04064,45.06888],[8.03118,45.06625],[8.02895,45.06589],[8.02411,45.06291],[8.02334,45.05102],[8.02369,45.04202],[8.025,45.03082],[8.02453,45.02468],[8.01802,45.02289],[8.01489,45.02649],[8.0078,45.0309],[8.00715,45.03303],[8.00752,45.03373],[8.00419,45.03686],[8.00273,45.03991],[8.0051,45.04319],[8.00246,45.04918],[8.00108,45.05123],[7.99529,45.05548],[7.98405,45.06511],[7.98576,45.067],[7.99016,45.06814],[7.99649,45.06761],[8.00392,45.07105],[8.00453,45.075],[8.00337,45.07708],[8.0077,45.07767]]]}},{"type":"Feature","properties":{"tipo":"comune","nome":"Moncucco Torinese","istat":"005070","diocesi":"Torino","lp":[45.07072,7.92143]},"geometry":{"type":"Polygon","coordinates":[[[7.9019,45.0615],[7.89888,45.06215],[7.89649,45.06199],[7.89302,45.05987],[7.8918,45.06211],[7.89531,45.07508],[7.8948,45.08877],[7.89557,45.09333],[7.89613,45.09499],[7.90609,45.09509],[7.90783,45.09349],[7.91077,45.08744],[7.91336,45.08078],[7.91452,45.07861],[7.91749,45.07548],[7.91895,45.07462],[7.92006,45.07484],[7.92195,45.08149],[7.92627,45.08289],[7.93895,45.08421],[7.94219,45.08626],[7.942,45.08438],[7.94301,45.08354],[7.94399,45.08361],[7.94848,45.0866],[7.9508,45.08704],[7.95354,45.08614],[7.95141,45.08272],[7.95021,45.07591],[7.95112,45.07288],[7.95175,45.07178],[7.94721,45.06998],[7.94468,45.0674],[7.94165,45.06009],[7.94071,45.05717],[7.93977,45.05558],[7.93786,45.04494],[7.93705,45.0421],[7.9349,45.04162],[7.93155,45.04129],[7.92947,45.04172],[7.92878,45.049],[7.92599,45.05289],[7.92333,45.05503],[7.91137,45.05959],[7.90616,45.05871],[7.9019,45.0615]]]}},{"type":"Feature","properties":{"tipo":"comune","nome":"Baldissero Torinese","istat":"001018","diocesi":"Torino","lp":[45.06979,7.80465]},"geometry":{"type":"Polygon","coordinates":[[[7.81675,45.08319],[7.82287,45.08146],[7.8283,45.07914],[7.82903,45.07755],[7.82768,45.07628],[7.8259,45.07607],[7.82489,45.07509],[7.82479,45.0703],[7.82636,45.0675],[7.82934,45.06507],[7.83399,45.06196],[7.83292,45.06194],[7.83082,45.06088],[7.83,45.05506],[7.83065,45.0495],[7.83126,45.04747],[7.83264,45.04647],[7.83209,45.04523],[7.83007,45.04215],[7.82743,45.04225],[7.81669,45.04301],[7.81032,45.04308],[7.80763,45.04699],[7.80263,45.05187],[7.79943,45.05475],[7.79797,45.06188],[7.7986,45.06567],[7.79853,45.06673],[7.79582,45.06841],[7.79088,45.071],[7.78679,45.07196],[7.78283,45.07187],[7.77243,45.0708],[7.76722,45.07081],[7.77334,45.07784],[7.77141,45.0783],[7.76789,45.08038],[7.76896,45.08167],[7.77285,45.08557],[7.77936,45.09187],[7.77985,45.09426],[7.78223,45.0948],[7.78469,45.09425],[7.78697,45.09222],[7.79103,45.09263],[7.79862,45.09141],[7.80918,45.08561],[7.81399,45.08318],[7.81675,45.08319]]]}},{"type":"Feature","properties":{"tipo":"comune","nome":"Pavarolo","istat":"001180","diocesi":"Torino","lp":[45.07688,7.83281]},"geometry":{"type":"Polygon","coordinates":[[[7.82934,45.06507],[7.82636,45.0675],[7.82479,45.0703],[7.82489,45.07509],[7.8259,45.07607],[7.82768,45.07628],[7.82903,45.07755],[7.8283,45.07914],[7.82287,45.08146],[7.81675,45.08319],[7.81399,45.08318],[7.82002,45.08767],[7.82129,45.08881],[7.82715,45.09263],[7.82807,45.093],[7.83536,45.08866],[7.83771,45.08706],[7.8403,45.08455],[7.84325,45.08072],[7.84448,45.07765],[7.8422,45.0709],[7.84226,45.06696],[7.84377,45.06294],[7.84377,45.05941],[7.83399,45.06196],[7.82934,45.06507]]]}},{"type":"Feature","properties":{"tipo":"comune","nome":"Montaldo Torinese","istat":"001158","diocesi":"Torino","lp":[45.06656,7.85328]},"geometry":{"type":"Polygon","coordinates":[[[7.84825,45.05022],[7.84377,45.05941],[7.84377,45.06294],[7.84226,45.06696],[7.8422,45.0709],[7.84448,45.07765],[7.85478,45.08208],[7.86593,45.08246],[7.86337,45.0789],[7.86079,45.071],[7.86193,45.06084],[7.86221,45.05966],[7.86273,45.0535],[7.86183,45.05186],[7.84825,45.05022]]]}},{"type":"Feature","properties":{"tipo":"comune","nome":"Marentino","istat":"001144","diocesi":"Torino","lp":[45.06548,7.87942]},"geometry":{"type":"Polygon","coordinates":[[[7.88484,45.03834],[7.88058,45.03996],[7.87423,45.0426],[7.87252,45.0447],[7.87067,45.04782],[7.86797,45.05076],[7.86183,45.05186],[7.86273,45.0535],[7.86221,45.05966],[7.86193,45.06084],[7.86079,45.071],[7.86337,45.0789],[7.86593,45.08246],[7.86792,45.08389],[7.87231,45.08123],[7.87507,45.08049],[7.87783,45.08059],[7.88052,45.08221],[7.886,45.08705],[7.88904,45.0925],[7.88835,45.09388],[7.89084,45.09563],[7.89478,45.09601],[7.89613,45.09499],[7.89557,45.09333],[7.8948,45.08877],[7.89531,45.07508],[7.8918,45.06211],[7.89302,45.05987],[7.89018,45.05469],[7.88867,45.05276],[7.88851,45.05129],[7.88931,45.04535],[7.89109,45.03916],[7.89092,45.03691],[7.88484,45.03834]]]}},{"type":"Feature","properties":{"tipo":"comune","nome":"Mombello di Torino","istat":"001153","diocesi":"Torino","lp":[45.04321,7.91754]},"geometry":{"type":"Polygon","coordinates":[[[7.90954,45.01889],[7.90911,45.02271],[7.90955,45.02607],[7.91045,45.0308],[7.91244,45.03629],[7.91013,45.04657],[7.90616,45.05871],[7.91137,45.05959],[7.92333,45.05503],[7.92599,45.05289],[7.92878,45.049],[7.92947,45.04172],[7.93026,45.03984],[7.92831,45.0379],[7.9197,45.03194],[7.91649,45.02943],[7.9114,45.02323],[7.91281,45.01932],[7.91223,45.01695],[7.91001,45.01755],[7.90954,45.01889]]]}},{"type":"Feature","properties":{"tipo":"comune","nome":"Moriondo Torinese","istat":"001163","diocesi":"Torino","lp":[45.03538,7.93683]},"geometry":{"type":"Polygon","coordinates":[[[7.91281,45.01932],[7.9114,45.02323],[7.91649,45.02943],[7.9197,45.03194],[7.92831,45.0379],[7.93026,45.03984],[7.92947,45.04172],[7.93155,45.04129],[7.9349,45.04162],[7.93705,45.0421],[7.93786,45.04494],[7.93977,45.05558],[7.94071,45.05717],[7.94582,45.05472],[7.95228,45.04652],[7.95406,45.04545],[7.95802,45.04203],[7.9548,45.03767],[7.9534,45.03267],[7.95383,45.02967],[7.94672,45.0283],[7.9392,45.02625],[7.92357,45.0231],[7.92142,45.02346],[7.92085,45.0229],[7.9195,45.01985],[7.91892,45.01656],[7.91223,45.01695],[7.91281,45.01932]]]}},{"type":"Feature","properties":{"tipo":"comune","nome":"Castelnuovo Don Bosco","istat":"005031","diocesi":"Torino","lp":[45.03582,7.97776]},"geometry":{"type":"Polygon","coordinates":[[[7.9534,45.03267],[7.9548,45.03767],[7.95802,45.04203],[7.95406,45.04545],[7.95228,45.04652],[7.94582,45.05472],[7.94071,45.05717],[7.94165,45.06009],[7.94468,45.0674],[7.94721,45.06998],[7.95175,45.07178],[7.96826,45.06745],[7.97131,45.06202],[7.97279,45.05988],[7.98296,45.04666],[7.98959,45.04491],[7.99797,45.04302],[8.00273,45.03991],[8.00419,45.03686],[8.00049,45.03335],[8.00715,45.03303],[8.0078,45.0309],[8.01489,45.02649],[8.01802,45.02289],[8.01766,45.02016],[8.01574,45.01894],[8.0008,45.01119],[7.99767,45.01105],[7.99597,45.0101],[7.99451,45.00225],[7.99513,44.99632],[7.98777,44.99733],[7.98525,45.00241],[7.98182,45.01013],[7.97545,45.01635],[7.97032,45.02027],[7.96574,45.02319],[7.95647,45.02674],[7.9557,45.02727],[7.95383,45.02967],[7.9534,45.03267]]]}},{"type":"Feature","properties":{"tipo":"comune","nome":"Pino Torinese","istat":"001192","diocesi":"Torino","lp":[45.04432,7.77754]},"geometry":{"type":"Polygon","coordinates":[[[7.77243,45.0708],[7.78283,45.07187],[7.78679,45.07196],[7.79088,45.071],[7.79582,45.06841],[7.79853,45.06673],[7.7986,45.06567],[7.79797,45.06188],[7.79943,45.05475],[7.80263,45.05187],[7.80763,45.04699],[7.81032,45.04308],[7.81022,45.04115],[7.80899,45.03223],[7.80133,45.02836],[7.795,45.0277],[7.78679,45.02523],[7.78249,45.01874],[7.78405,45.01609],[7.78401,45.0152],[7.77995,45.01199],[7.77564,45.01151],[7.77166,45.01401],[7.76624,45.0181],[7.76255,45.02401],[7.76188,45.02669],[7.75798,45.03118],[7.75716,45.0319],[7.75261,45.03465],[7.74892,45.03645],[7.74594,45.03727],[7.74398,45.03854],[7.74259,45.03993],[7.74146,45.04182],[7.74025,45.0447],[7.74831,45.05126],[7.75584,45.05778],[7.76722,45.07081],[7.77243,45.0708]]]}},{"type":"Feature","properties":{"tipo":"comune","nome":"Andezeno","istat":"001009","diocesi":"Torino","lp":[45.03583,7.86621]},"geometry":{"type":"Polygon","coordinates":[[[7.86797,45.05076],[7.87067,45.04782],[7.87252,45.0447],[7.87423,45.0426],[7.88058,45.03996],[7.88484,45.03834],[7.89092,45.03691],[7.88493,45.03349],[7.88415,45.02771],[7.88416,45.02394],[7.87985,45.02233],[7.87698,45.02143],[7.87403,45.02132],[7.86493,45.02191],[7.85052,45.02631],[7.85024,45.02688],[7.85246,45.03717],[7.85033,45.04028],[7.84592,45.04964],[7.84825,45.05022],[7.86183,45.05186],[7.86797,45.05076]]]}},{"type":"Feature","properties":{"tipo":"comune","nome":"Arignano","istat":"001012","diocesi":"Torino","lp":[45.03808,7.89871]},"geometry":{"type":"Polygon","coordinates":[[[7.88415,45.02771],[7.88493,45.03349],[7.89092,45.03691],[7.89109,45.03916],[7.88931,45.04535],[7.88851,45.05129],[7.88867,45.05276],[7.89018,45.05469],[7.89302,45.05987],[7.89649,45.06199],[7.89888,45.06215],[7.9019,45.0615],[7.90616,45.05871],[7.91013,45.04657],[7.91244,45.03629],[7.91045,45.0308],[7.90955,45.02607],[7.90911,45.02271],[7.90954,45.01889],[7.91001,45.01755],[7.90644,45.01908],[7.90099,45.01945],[7.8902,45.01824],[7.88791,45.01699],[7.88416,45.02394],[7.88415,45.02771]]]}},{"type":"Feature","properties":{"tipo":"comune","nome":"Buttigliera d'Asti","istat":"005012","diocesi":"Torino","lp":[45.00641,7.95404]},"geometry":{"type":"Polygon","coordinates":[[[7.9195,45.01985],[7.92085,45.0229],[7.92142,45.02346],[7.92357,45.0231],[7.9392,45.02625],[7.94672,45.0283],[7.95383,45.02967],[7.9557,45.02727],[7.95647,45.02674],[7.96574,45.02319],[7.97032,45.02027],[7.97545,45.01635],[7.98182,45.01013],[7.98525,45.00241],[7.98777,44.99733],[7.99513,44.99632],[7.99547,44.9949],[7.98876,44.98759],[7.98655,44.98466],[7.98352,44.98403],[7.97757,44.98516],[7.97616,44.98609],[7.97314,44.98747],[7.96751,44.98783],[7.94919,44.98869],[7.9425,44.99019],[7.93265,44.99393],[7.93354,44.99668],[7.93433,45.00048],[7.917,45.00294],[7.91586,45.00429],[7.91632,45.00954],[7.91734,45.01157],[7.91892,45.01656],[7.9195,45.01985]]]}},{"type":"Feature","properties":{"tipo":"comune","nome":"Chieri","istat":"001078","diocesi":"Torino","lp":[45.00365,7.828]},"geometry":{"type":"Polygon","coordinates":[[[7.84592,45.04964],[7.85033,45.04028],[7.85246,45.03717],[7.85024,45.02688],[7.85052,45.02631],[7.86493,45.02191],[7.87403,45.02132],[7.87698,45.02143],[7.87985,45.02233],[7.88416,45.02394],[7.88791,45.01699],[7.88797,45.01376],[7.88086,45.0095],[7.87859,45.00874],[7.87596,45.00824],[7.86984,44.99749],[7.86578,44.99247],[7.85747,44.98613],[7.85718,44.98571],[7.85516,44.97805],[7.85411,44.97331],[7.85342,44.97098],[7.8521,44.96792],[7.84962,44.96449],[7.84732,44.96206],[7.84462,44.96286],[7.8441,44.96238],[7.84196,44.9588],[7.83359,44.95973],[7.83034,44.95932],[7.81328,44.95155],[7.81313,44.95404],[7.81003,44.96021],[7.80216,44.96534],[7.79699,44.96592],[7.79059,44.96603],[7.79187,44.96789],[7.79417,44.97492],[7.79629,44.98493],[7.79518,44.98648],[7.77909,45.00113],[7.77704,45.00199],[7.77553,45.00642],[7.77564,45.01151],[7.77995,45.01199],[7.78401,45.0152],[7.78405,45.01609],[7.78249,45.01874],[7.78679,45.02523],[7.795,45.0277],[7.80133,45.02836],[7.80899,45.03223],[7.81022,45.04115],[7.81032,45.04308],[7.81669,45.04301],[7.82743,45.04225],[7.83007,45.04215],[7.83209,45.04523],[7.83264,45.04647],[7.83126,45.04747],[7.83065,45.0495],[7.83,45.05506],[7.83082,45.06088],[7.83292,45.06194],[7.83399,45.06196],[7.84377,45.05941],[7.84825,45.05022],[7.84592,45.04964]]]}},{"type":"Feature","properties":{"tipo":"comune","nome":"Pecetto Torinese","istat":"001183","diocesi":"Torino","lp":[45.01794,7.753]},"geometry":{"type":"Polygon","coordinates":[[[7.77052,45.01096],[7.76979,45.00612],[7.77185,45.00234],[7.77168,44.99501],[7.7706,44.99186],[7.76767,44.98886],[7.76573,44.99195],[7.76089,44.99422],[7.75711,44.99777],[7.75633,44.99888],[7.7507,45.00408],[7.74888,45.0052],[7.74607,45.0088],[7.74378,45.01463],[7.74284,45.01865],[7.74327,45.01919],[7.74278,45.02128],[7.741,45.02353],[7.73772,45.02676],[7.73596,45.02774],[7.72245,45.03116],[7.73274,45.03786],[7.74025,45.0447],[7.74146,45.04182],[7.74259,45.03993],[7.74398,45.03854],[7.74594,45.03727],[7.74892,45.03645],[7.75261,45.03465],[7.75716,45.0319],[7.75798,45.03118],[7.76188,45.02669],[7.76255,45.02401],[7.76624,45.0181],[7.77166,45.01401],[7.77564,45.01151],[7.77052,45.01096]]]}},{"type":"Feature","properties":{"tipo":"comune","nome":"Riva presso Chieri","istat":"001215","diocesi":"Torino","lp":[44.97936,7.88888]},"geometry":{"type":"Polygon","coordinates":[[[7.8902,45.01824],[7.90099,45.01945],[7.90644,45.01908],[7.91001,45.01755],[7.91223,45.01695],[7.91892,45.01656],[7.91734,45.01157],[7.91632,45.00954],[7.91586,45.00429],[7.917,45.00294],[7.93433,45.00048],[7.93354,44.99668],[7.93265,44.99393],[7.93104,44.98838],[7.92867,44.98353],[7.92357,44.98007],[7.91759,44.97645],[7.91394,44.97407],[7.90218,44.96583],[7.90158,44.95234],[7.9007,44.94291],[7.90027,44.94088],[7.89771,44.93931],[7.88904,44.93562],[7.88343,44.93622],[7.88419,44.9368],[7.884,44.93805],[7.87976,44.94505],[7.87371,44.94523],[7.86777,44.94606],[7.8603,44.94736],[7.85685,44.94936],[7.85853,44.9515],[7.85488,44.95317],[7.85244,44.95395],[7.84535,44.95564],[7.84356,44.95674],[7.84196,44.9588],[7.8441,44.96238],[7.84462,44.96286],[7.84732,44.96206],[7.84962,44.96449],[7.8521,44.96792],[7.85342,44.97098],[7.85411,44.97331],[7.85516,44.97805],[7.85718,44.98571],[7.85747,44.98613],[7.86578,44.99247],[7.86984,44.99749],[7.87596,45.00824],[7.87859,45.00874],[7.88086,45.0095],[7.88797,45.01376],[7.88791,45.01699],[7.8902,45.01824]]]}},{"type":"Feature","properties":{"tipo":"comune","nome":"Poirino","istat":"001197","diocesi":"Torino","lp":[44.90253,7.84281]},"geometry":{"type":"Polygon","coordinates":[[[7.82046,44.85795],[7.82262,44.8614],[7.81748,44.86569],[7.81356,44.86721],[7.81079,44.86973],[7.80746,44.87386],[7.80895,44.87856],[7.81006,44.8799],[7.81219,44.87994],[7.81421,44.87905],[7.81745,44.88093],[7.8161,44.88498],[7.81461,44.88611],[7.80816,44.88866],[7.80025,44.89077],[7.79359,44.89521],[7.78839,44.89906],[7.78979,44.90492],[7.78968,44.90596],[7.78601,44.91003],[7.78848,44.9159],[7.79223,44.92037],[7.80055,44.9282],[7.7995,44.93411],[7.79979,44.93889],[7.80981,44.94925],[7.81328,44.95155],[7.83034,44.95932],[7.83359,44.95973],[7.84196,44.9588],[7.84356,44.95674],[7.84535,44.95564],[7.85244,44.95395],[7.85488,44.95317],[7.85853,44.9515],[7.85685,44.94936],[7.8603,44.94736],[7.86777,44.94606],[7.87371,44.94523],[7.87976,44.94505],[7.884,44.93805],[7.88419,44.9368],[7.88343,44.93622],[7.88628,44.92595],[7.88871,44.92005],[7.89263,44.91512],[7.89942,44.91625],[7.90035,44.91448],[7.9012,44.91122],[7.90157,44.90663],[7.89859,44.90354],[7.89481,44.90097],[7.89365,44.89998],[7.89438,44.89697],[7.89378,44.89709],[7.88502,44.89643],[7.88626,44.89318],[7.88666,44.88722],[7.88591,44.88462],[7.88503,44.8803],[7.88155,44.87349],[7.87939,44.86998],[7.87705,44.86684],[7.86779,44.86571],[7.86333,44.86579],[7.86,44.86635],[7.85681,44.86637],[7.85267,44.86549],[7.85465,44.86292],[7.85764,44.85962],[7.86017,44.85449],[7.86107,44.84906],[7.86288,44.83596],[7.85888,44.83425],[7.85366,44.83339],[7.84931,44.83351],[7.84841,44.83381],[7.83503,44.83923],[7.82713,44.84387],[7.81749,44.85077],[7.81551,44.85312],[7.82046,44.85795]]]}},{"type":"Feature","properties":{"tipo":"comune","nome":"Cambiano","istat":"001048","diocesi":"Torino","lp":[44.96948,7.76555]},"geometry":{"type":"MultiPolygon","coordinates":[[[[7.75617,44.96162],[7.76081,44.97339],[7.76568,44.98389],[7.76767,44.98886],[7.7706,44.99186],[7.77168,44.99501],[7.77185,45.00234],[7.76979,45.00612],[7.77052,45.01096],[7.77564,45.01151],[7.77553,45.00642],[7.77704,45.00199],[7.77909,45.00113],[7.79518,44.98648],[7.79629,44.98493],[7.79417,44.97492],[7.79187,44.96789],[7.79059,44.96603],[7.78529,44.96478],[7.77306,44.96167],[7.76947,44.95731],[7.7537,44.95264],[7.75617,44.96162]]],[[[7.75262,44.94831],[7.75182,44.94412],[7.7537,44.94106],[7.75246,44.93778],[7.75146,44.93617],[7.74503,44.93614],[7.74391,44.93642],[7.74017,44.93899],[7.73729,44.93945],[7.73729,44.94147],[7.73678,44.94253],[7.73452,44.94315],[7.72416,44.94179],[7.72196,44.94232],[7.72132,44.94321],[7.72036,44.94732],[7.72198,44.95043],[7.72428,44.95294],[7.72632,44.95491],[7.72959,44.95572],[7.73122,44.95525],[7.7537,44.95264],[7.75262,44.94831]]]]}},{"type":"Feature","properties":{"tipo":"comune","nome":"Santena","istat":"001257","diocesi":"Torino","lp":[44.94422,7.78273]},"geometry":{"type":"Polygon","coordinates":[[[7.75246,44.93778],[7.7537,44.94106],[7.75182,44.94412],[7.75262,44.94831],[7.7537,44.95264],[7.76947,44.95731],[7.77306,44.96167],[7.78529,44.96478],[7.79059,44.96603],[7.79699,44.96592],[7.80216,44.96534],[7.81003,44.96021],[7.81313,44.95404],[7.81328,44.95155],[7.80981,44.94925],[7.79979,44.93889],[7.7995,44.93411],[7.80055,44.9282],[7.79223,44.92037],[7.78848,44.9159],[7.78002,44.92118],[7.77732,44.92342],[7.76454,44.93056],[7.75714,44.93364],[7.75146,44.93617],[7.75246,44.93778]]]}},{"type":"Feature","properties":{"tipo":"comune","nome":"Trofarello","istat":"001280","diocesi":"Torino","lp":[44.97516,7.74465]},"geometry":{"type":"Polygon","coordinates":[[[7.73122,44.95525],[7.72959,44.95572],[7.72632,44.95491],[7.72428,44.95294],[7.72197,44.95285],[7.72064,44.95814],[7.71999,44.96259],[7.72288,44.96589],[7.72869,44.9721],[7.73189,44.97704],[7.73501,44.98887],[7.73534,44.99052],[7.73865,45.00016],[7.74037,45.0016],[7.74663,45.00129],[7.74801,45.00091],[7.75069,44.99635],[7.75328,44.9926],[7.75434,44.9926],[7.75711,44.99777],[7.76089,44.99422],[7.76573,44.99195],[7.76767,44.98886],[7.76568,44.98389],[7.76081,44.97339],[7.75617,44.96162],[7.7537,44.95264],[7.73122,44.95525]]]}},{"type":"Feature","properties":{"tipo":"comune","nome":"Moncalieri","istat":"001156","diocesi":"Torino","lp":[44.98841,7.70266]},"geometry":{"type":"Polygon","coordinates":[[[7.72198,44.95043],[7.72036,44.94732],[7.72132,44.94321],[7.72196,44.94232],[7.72416,44.94179],[7.73452,44.94315],[7.73678,44.94253],[7.73729,44.94147],[7.73729,44.93945],[7.73356,44.93765],[7.72788,44.93794],[7.72504,44.93871],[7.7217,44.93802],[7.71334,44.93558],[7.71338,44.93221],[7.70477,44.92799],[7.70142,44.92837],[7.69863,44.92918],[7.69626,44.93534],[7.69209,44.93742],[7.69451,44.93801],[7.69583,44.93878],[7.69696,44.94025],[7.69681,44.94268],[7.69446,44.94385],[7.68296,44.94484],[7.68191,44.94531],[7.68083,44.94746],[7.68229,44.95089],[7.68383,44.95112],[7.68979,44.95015],[7.69295,44.94989],[7.69415,44.95025],[7.69553,44.95137],[7.70002,44.95566],[7.7016,44.95959],[7.70174,44.96062],[7.69905,44.9663],[7.69216,44.97405],[7.68862,44.97638],[7.68078,44.97417],[7.6766,44.97127],[7.6667,44.96756],[7.66331,44.96756],[7.65911,44.96646],[7.65757,44.96396],[7.65467,44.96571],[7.65404,44.96847],[7.64802,44.97019],[7.64885,44.97044],[7.65391,44.97474],[7.65475,44.97584],[7.65959,44.98616],[7.66192,44.99313],[7.66293,45.00346],[7.66194,45.00692],[7.6614,45.00783],[7.65544,45.00804],[7.65891,45.01625],[7.66533,45.01681],[7.67058,45.01708],[7.67383,45.01668],[7.6826,45.02202],[7.69337,45.02386],[7.69964,45.02331],[7.70549,45.02403],[7.70802,45.02629],[7.71273,45.02832],[7.72245,45.03116],[7.73596,45.02774],[7.73772,45.02676],[7.741,45.02353],[7.74278,45.02128],[7.74327,45.01919],[7.74284,45.01865],[7.74378,45.01463],[7.74607,45.0088],[7.74888,45.0052],[7.7507,45.00408],[7.75633,44.99888],[7.75711,44.99777],[7.75434,44.9926],[7.75328,44.9926],[7.75069,44.99635],[7.74801,45.00091],[7.74663,45.00129],[7.74037,45.0016],[7.73865,45.00016],[7.73534,44.99052],[7.73501,44.98887],[7.73189,44.97704],[7.72869,44.9721],[7.72288,44.96589],[7.71999,44.96259],[7.72064,44.95814],[7.72197,44.95285],[7.72428,44.95294],[7.72198,44.95043]]]}},{"type":"Feature","properties":{"tipo":"comune","nome":"Villastellone","istat":"001308","diocesi":"Torino","lp":[44.91655,7.74017]},"geometry":{"type":"Polygon","coordinates":[[[7.74017,44.93899],[7.74391,44.93642],[7.74503,44.93614],[7.75146,44.93617],[7.75714,44.93364],[7.76454,44.93056],[7.77732,44.92342],[7.78002,44.92118],[7.78848,44.9159],[7.78601,44.91003],[7.78311,44.91354],[7.78064,44.912],[7.77744,44.90927],[7.77002,44.90712],[7.7594,44.91203],[7.75727,44.90927],[7.75214,44.90516],[7.73752,44.89924],[7.72803,44.8947],[7.71865,44.88994],[7.71497,44.88696],[7.71275,44.88558],[7.70689,44.8853],[7.70628,44.88646],[7.70574,44.88898],[7.70677,44.89146],[7.70619,44.89346],[7.70497,44.89579],[7.70335,44.89738],[7.70596,44.90043],[7.71148,44.89903],[7.71491,44.90015],[7.7195,44.90292],[7.71969,44.90631],[7.7188,44.91436],[7.71707,44.91799],[7.71604,44.9191],[7.71419,44.9184],[7.7124,44.91679],[7.70934,44.91793],[7.70783,44.9229],[7.71019,44.92441],[7.71357,44.92569],[7.71483,44.92768],[7.7151,44.93088],[7.71468,44.93211],[7.71338,44.93221],[7.71334,44.93558],[7.7217,44.93802],[7.72504,44.93871],[7.72788,44.93794],[7.73356,44.93765],[7.73729,44.93945],[7.74017,44.93899]]]}},{"type":"Feature","properties":{"tipo":"comune","nome":"Carmagnola","istat":"001059","diocesi":"Torino","lp":[44.85832,7.73552]},"geometry":{"type":"MultiPolygon","coordinates":[[[[7.66106,44.83892],[7.6605,44.83967],[7.65288,44.8476],[7.65173,44.85088],[7.65868,44.84663],[7.66126,44.844],[7.66287,44.84152],[7.66528,44.84027],[7.66814,44.84146],[7.66933,44.84268],[7.66932,44.84401],[7.66848,44.84494],[7.65873,44.85186],[7.65024,44.85537],[7.64862,44.85696],[7.6488,44.85882],[7.65116,44.86232],[7.65229,44.86264],[7.66182,44.86057],[7.66714,44.8588],[7.66958,44.85656],[7.67043,44.85267],[7.66887,44.85099],[7.67002,44.84883],[7.6728,44.84765],[7.67401,44.84765],[7.67754,44.84975],[7.67795,44.85081],[7.67827,44.85635],[7.67604,44.8595],[7.6727,44.86481],[7.66081,44.86423],[7.6599,44.86461],[7.65901,44.86629],[7.65934,44.86716],[7.66167,44.86735],[7.67085,44.86911],[7.66465,44.87239],[7.66581,44.87592],[7.67131,44.87807],[7.67875,44.8799],[7.69283,44.87671],[7.69634,44.87615],[7.69653,44.87672],[7.68857,44.88032],[7.68059,44.8824],[7.67964,44.88287],[7.67868,44.88522],[7.67926,44.88893],[7.68066,44.89043],[7.68288,44.89074],[7.69274,44.88619],[7.7012,44.89065],[7.69921,44.89414],[7.69349,44.89573],[7.68721,44.89908],[7.68548,44.90062],[7.6874,44.90098],[7.68838,44.90076],[7.69024,44.89908],[7.69483,44.89663],[7.69772,44.89613],[7.70182,44.89625],[7.70335,44.89738],[7.70497,44.89579],[7.70619,44.89346],[7.70677,44.89146],[7.70574,44.88898],[7.70628,44.88646],[7.70689,44.8853],[7.71275,44.88558],[7.71497,44.88696],[7.71865,44.88994],[7.72803,44.8947],[7.73752,44.89924],[7.75214,44.90516],[7.75727,44.90927],[7.7594,44.91203],[7.77002,44.90712],[7.77744,44.90927],[7.78064,44.912],[7.78311,44.91354],[7.78601,44.91003],[7.78968,44.90596],[7.78979,44.90492],[7.78839,44.89906],[7.79359,44.89521],[7.80025,44.89077],[7.80816,44.88866],[7.81461,44.88611],[7.8161,44.88498],[7.81745,44.88093],[7.81421,44.87905],[7.81219,44.87994],[7.81006,44.8799],[7.80895,44.87856],[7.80746,44.87386],[7.81079,44.86973],[7.81356,44.86721],[7.81748,44.86569],[7.82262,44.8614],[7.82046,44.85795],[7.81551,44.85312],[7.81145,44.85476],[7.80914,44.85493],[7.81195,44.84343],[7.8086,44.84309],[7.79969,44.84269],[7.79535,44.84283],[7.79381,44.84396],[7.7926,44.84426],[7.78821,44.84449],[7.7837,44.84378],[7.78132,44.84312],[7.77871,44.84143],[7.77602,44.8389],[7.77642,44.83752],[7.77016,44.82889],[7.76779,44.82681],[7.7657,44.82391],[7.76358,44.81979],[7.76619,44.81545],[7.76056,44.81543],[7.75412,44.81559],[7.74897,44.81558],[7.73987,44.81482],[7.73317,44.81407],[7.73001,44.81335],[7.7215,44.81289],[7.71347,44.81657],[7.71166,44.81719],[7.70632,44.81736],[7.70312,44.81411],[7.7004,44.81376],[7.69009,44.81205],[7.68477,44.81023],[7.68092,44.81141],[7.67706,44.81289],[7.6732,44.81487],[7.66778,44.8198],[7.66755,44.82056],[7.66079,44.81934],[7.65709,44.8164],[7.65684,44.81956],[7.6575,44.82445],[7.65737,44.83321],[7.65546,44.83541],[7.66034,44.83736],[7.66106,44.83892]],[[7.69625,44.88594],[7.69593,44.88516],[7.69728,44.88393],[7.70263,44.88407],[7.70487,44.88519],[7.7047,44.88627],[7.70195,44.88643],[7.69625,44.88594]],[[7.67359,44.87308],[7.67263,44.87182],[7.67408,44.87112],[7.67928,44.86941],[7.68117,44.86929],[7.67564,44.87218],[7.67359,44.87308]],[[7.66283,44.85367],[7.66249,44.8521],[7.66491,44.84926],[7.66673,44.85039],[7.66747,44.8513],[7.66431,44.85369],[7.66283,44.85367]]],[[[7.65078,44.84517],[7.64672,44.84669],[7.64808,44.84888],[7.65078,44.84517]]]]}},{"type":"Feature","properties":{"tipo":"comune","nome":"Torino","istat":"001272","diocesi":"Torino","lp":[45.07184,7.67802]},"geometry":{"type":"MultiPolygon","coordinates":[[[[7.76789,45.08038],[7.77141,45.0783],[7.77334,45.07784],[7.76722,45.07081],[7.75584,45.05778],[7.74831,45.05126],[7.74025,45.0447],[7.73274,45.03786],[7.72245,45.03116],[7.71273,45.02832],[7.70802,45.02629],[7.70549,45.02403],[7.69964,45.02331],[7.69337,45.02386],[7.6826,45.02202],[7.67383,45.01668],[7.67058,45.01708],[7.66533,45.01681],[7.65891,45.01625],[7.65544,45.00804],[7.65331,45.00792],[7.64563,45.00704],[7.64101,45.00754],[7.61744,45.01037],[7.61217,45.01039],[7.59963,45.01306],[7.59314,45.01402],[7.5904,45.01619],[7.59197,45.01973],[7.5934,45.01988],[7.60029,45.0188],[7.60076,45.01911],[7.60737,45.02978],[7.59415,45.03196],[7.5884,45.0345],[7.57985,45.03988],[7.57785,45.04182],[7.58039,45.04426],[7.58652,45.04465],[7.59262,45.04185],[7.60732,45.03541],[7.61166,45.0338],[7.61745,45.04097],[7.61936,45.04486],[7.62351,45.05379],[7.61952,45.05918],[7.60979,45.0601],[7.60761,45.06053],[7.60939,45.065],[7.61107,45.06546],[7.61229,45.06705],[7.60845,45.07035],[7.60351,45.07116],[7.60584,45.07431],[7.61074,45.08165],[7.61542,45.08895],[7.61802,45.09717],[7.61424,45.10001],[7.61183,45.10704],[7.61413,45.10808],[7.61857,45.10815],[7.62261,45.11019],[7.62291,45.11381],[7.63433,45.11289],[7.64538,45.11208],[7.64993,45.11213],[7.65449,45.11278],[7.65452,45.11479],[7.65304,45.11635],[7.65262,45.12323],[7.65428,45.12458],[7.65712,45.12774],[7.65667,45.12893],[7.65575,45.12962],[7.65475,45.13199],[7.65379,45.13499],[7.66748,45.13843],[7.67856,45.13807],[7.6833,45.13684],[7.6905,45.13353],[7.6938,45.13438],[7.69426,45.13292],[7.69753,45.13107],[7.70375,45.13163],[7.70937,45.13255],[7.71113,45.13315],[7.71202,45.13695],[7.71319,45.13753],[7.71668,45.13806],[7.72079,45.13765],[7.72378,45.13717],[7.72481,45.13672],[7.72455,45.13548],[7.72287,45.13161],[7.72017,45.13056],[7.72224,45.12603],[7.72963,45.12521],[7.73667,45.12338],[7.73537,45.11953],[7.7379,45.11278],[7.74071,45.10949],[7.7453,45.10612],[7.74972,45.10378],[7.75218,45.10221],[7.75096,45.0973],[7.74581,45.09438],[7.74279,45.09166],[7.74742,45.08621],[7.75076,45.08364],[7.75549,45.0826],[7.76601,45.08166],[7.76896,45.08167],[7.76789,45.08038]]],[[[7.74602,45.12467],[7.74964,45.12227],[7.74339,45.11728],[7.74288,45.12223],[7.74602,45.12467]]]]}},{"type":"Feature","properties":{"tipo":"comune","nome":"Caselette","istat":"001062","diocesi":"Torino","lp":[45.10634,7.47017]},"geometry":{"type":"Polygon","coordinates":[[[7.44105,45.09937],[7.4442,45.09974],[7.44629,45.10373],[7.44966,45.10901],[7.45549,45.11717],[7.45765,45.11729],[7.46654,45.12047],[7.46948,45.12239],[7.4739,45.12463],[7.47793,45.12608],[7.48458,45.12745],[7.48816,45.12795],[7.49399,45.12688],[7.49667,45.12339],[7.49656,45.12215],[7.49693,45.12013],[7.49962,45.11306],[7.49991,45.10709],[7.49629,45.10296],[7.49072,45.10069],[7.48743,45.09896],[7.48711,45.09762],[7.48763,45.09646],[7.49064,45.09591],[7.4826,45.09448],[7.47863,45.09207],[7.47285,45.09007],[7.46923,45.08967],[7.44452,45.08961],[7.42868,45.08884],[7.43086,45.08901],[7.43304,45.09283],[7.43342,45.09762],[7.43433,45.10038],[7.44105,45.09937]]]}},{"type":"Feature","properties":{"tipo":"comune","nome":"Alpignano","istat":"001008","diocesi":"Torino","lp":[45.10123,7.51688]},"geometry":{"type":"Polygon","coordinates":[[[7.5206,45.1182],[7.52596,45.11582],[7.52889,45.11331],[7.53008,45.11183],[7.53049,45.11053],[7.53512,45.1041],[7.5437,45.09689],[7.54661,45.09466],[7.55213,45.09479],[7.5514,45.09215],[7.54684,45.08918],[7.52995,45.08709],[7.52072,45.08571],[7.51242,45.08551],[7.50064,45.08751],[7.49614,45.09131],[7.49424,45.09458],[7.4933,45.09569],[7.49064,45.09591],[7.48763,45.09646],[7.48711,45.09762],[7.48743,45.09896],[7.49072,45.10069],[7.49629,45.10296],[7.49991,45.10709],[7.49962,45.11306],[7.49693,45.12013],[7.49656,45.12215],[7.49746,45.12269],[7.51434,45.11981],[7.5206,45.1182]]]}},{"type":"Feature","properties":{"tipo":"comune","nome":"Pianezza","istat":"001189","diocesi":"Torino","lp":[45.11385,7.55393]},"geometry":{"type":"Polygon","coordinates":[[[7.54661,45.09466],[7.5437,45.09689],[7.53512,45.1041],[7.53049,45.11053],[7.53008,45.11183],[7.52889,45.11331],[7.52596,45.11582],[7.5206,45.1182],[7.51434,45.11981],[7.52551,45.12997],[7.53523,45.1345],[7.53953,45.13624],[7.54138,45.13484],[7.54466,45.13359],[7.5486,45.13448],[7.54874,45.13294],[7.55148,45.13124],[7.55383,45.13006],[7.56021,45.12943],[7.56638,45.12581],[7.57546,45.11856],[7.58054,45.11433],[7.58188,45.11417],[7.5929,45.11882],[7.60108,45.12299],[7.60704,45.12026],[7.60719,45.12],[7.59314,45.11358],[7.58065,45.10747],[7.57632,45.10385],[7.57577,45.1029],[7.56482,45.08814],[7.56248,45.08822],[7.55954,45.08898],[7.55828,45.08985],[7.55213,45.09479],[7.54661,45.09466]]]}},{"type":"Feature","properties":{"tipo":"comune","nome":"Collegno","istat":"001090","diocesi":"Torino","lp":[45.09137,7.59026]},"geometry":{"type":"Polygon","coordinates":[[[7.62261,45.11019],[7.61857,45.10815],[7.61413,45.10808],[7.61183,45.10704],[7.61424,45.10001],[7.61802,45.09717],[7.61542,45.08895],[7.61074,45.08165],[7.60584,45.07431],[7.60351,45.07116],[7.58949,45.0706],[7.57176,45.06936],[7.5699,45.06918],[7.56516,45.0694],[7.55808,45.0706],[7.55562,45.08777],[7.55828,45.08985],[7.55954,45.08898],[7.56248,45.08822],[7.56482,45.08814],[7.57577,45.1029],[7.57632,45.10385],[7.58065,45.10747],[7.59314,45.11358],[7.60719,45.12],[7.62291,45.11381],[7.62261,45.11019]]]}},{"type":"Feature","properties":{"tipo":"comune","nome":"Grugliasco","istat":"001120","diocesi":"Torino","lp":[45.05533,7.59322]},"geometry":{"type":"Polygon","coordinates":[[[7.56516,45.0694],[7.5699,45.06918],[7.57176,45.06936],[7.58949,45.0706],[7.60351,45.07116],[7.60845,45.07035],[7.61229,45.06705],[7.61107,45.06546],[7.60939,45.065],[7.60761,45.06053],[7.60979,45.0601],[7.61952,45.05918],[7.62351,45.05379],[7.61936,45.04486],[7.61745,45.04097],[7.61166,45.0338],[7.60732,45.03541],[7.59262,45.04185],[7.58652,45.04465],[7.58039,45.04426],[7.57785,45.04182],[7.57425,45.04479],[7.57122,45.04754],[7.57174,45.04927],[7.56423,45.05984],[7.55756,45.06892],[7.55808,45.0706],[7.56516,45.0694]]]}},{"type":"Feature","properties":{"tipo":"comune","nome":"Rivoli","istat":"001219","diocesi":"Torino","lp":[45.06705,7.52328]},"geometry":{"type":"Polygon","coordinates":[[[7.4933,45.09569],[7.49424,45.09458],[7.49614,45.09131],[7.50064,45.08751],[7.51242,45.08551],[7.52072,45.08571],[7.52995,45.08709],[7.54684,45.08918],[7.5514,45.09215],[7.55213,45.09479],[7.55828,45.08985],[7.55562,45.08777],[7.55808,45.0706],[7.55756,45.06892],[7.56423,45.05984],[7.57174,45.04927],[7.57122,45.04754],[7.57425,45.04479],[7.57785,45.04182],[7.57985,45.03988],[7.56857,45.04306],[7.56841,45.04328],[7.55271,45.04846],[7.5518,45.04781],[7.52912,45.0441],[7.51245,45.04373],[7.5074,45.04405],[7.50034,45.04479],[7.49479,45.04493],[7.49511,45.04585],[7.50182,45.05034],[7.50349,45.05233],[7.49631,45.05567],[7.49505,45.05606],[7.48761,45.05688],[7.48233,45.05757],[7.47611,45.05988],[7.48239,45.07173],[7.48287,45.07412],[7.48288,45.07864],[7.4826,45.09448],[7.49064,45.09591],[7.4933,45.09569]]]}},{"type":"Feature","properties":{"tipo":"comune","nome":"Rosta","istat":"001228","diocesi":"Torino","lp":[45.0752,7.46655]},"geometry":{"type":"Polygon","coordinates":[[[7.45547,45.06472],[7.45219,45.07388],[7.44891,45.08146],[7.44478,45.08427],[7.44419,45.08578],[7.44452,45.08961],[7.46923,45.08967],[7.47285,45.09007],[7.47863,45.09207],[7.4826,45.09448],[7.48288,45.07864],[7.48287,45.07412],[7.48239,45.07173],[7.47611,45.05988],[7.48233,45.05757],[7.47532,45.05493],[7.46392,45.05666],[7.45492,45.05816],[7.45705,45.06077],[7.45547,45.06472]]]}},{"type":"Feature","properties":{"tipo":"comune","nome":"Buttigliera Alta","istat":"001045","diocesi":"Torino","lp":[45.07361,7.43527]},"geometry":{"type":"Polygon","coordinates":[[[7.41786,45.06542],[7.41733,45.07737],[7.42228,45.08924],[7.42868,45.08884],[7.44452,45.08961],[7.44419,45.08578],[7.44478,45.08427],[7.44891,45.08146],[7.45219,45.07388],[7.45547,45.06472],[7.45705,45.06077],[7.45482,45.06055],[7.43542,45.05957],[7.42701,45.06156],[7.42341,45.06188],[7.41832,45.06202],[7.41786,45.06542]]]}},{"type":"Feature","properties":{"tipo":"comune","nome":"Avigliana","istat":"001013","diocesi":"Torino","lp":[45.07509,7.39223]},"geometry":{"type":"Polygon","coordinates":[[[7.39722,45.10139],[7.41959,45.10016],[7.4248,45.10079],[7.42844,45.10083],[7.43433,45.10038],[7.43342,45.09762],[7.43304,45.09283],[7.43086,45.08901],[7.42868,45.08884],[7.42228,45.08924],[7.41733,45.07737],[7.41786,45.06542],[7.41832,45.06202],[7.41067,45.06507],[7.40457,45.06385],[7.40383,45.06351],[7.40217,45.0613],[7.40276,45.057],[7.40748,45.05304],[7.40054,45.049],[7.38338,45.04309],[7.38108,45.0434],[7.37709,45.0463],[7.3703,45.05181],[7.36737,45.05589],[7.3633,45.06258],[7.36185,45.06633],[7.36042,45.0716],[7.35739,45.07188],[7.35413,45.07396],[7.35074,45.08006],[7.34979,45.0833],[7.35531,45.08401],[7.36135,45.08363],[7.36557,45.08373],[7.36662,45.08422],[7.38088,45.08699],[7.3849,45.08906],[7.38971,45.09318],[7.38958,45.0936],[7.38386,45.09715],[7.39368,45.10183],[7.39722,45.10139]]]}},{"type":"Feature","properties":{"tipo":"comune","nome":"Valgioie","istat":"001285","diocesi":"Torino","lp":[45.07617,7.33387]},"geometry":{"type":"Polygon","coordinates":[[[7.34979,45.0833],[7.35074,45.08006],[7.35413,45.07396],[7.35739,45.07188],[7.36042,45.0716],[7.35873,45.06534],[7.35675,45.06329],[7.35198,45.0602],[7.34996,45.06068],[7.34547,45.06289],[7.3433,45.06361],[7.34141,45.06389],[7.3357,45.06391],[7.33251,45.06358],[7.32514,45.06388],[7.32207,45.06791],[7.31838,45.06962],[7.31406,45.0695],[7.31318,45.07331],[7.31075,45.07689],[7.30477,45.07897],[7.3067,45.07985],[7.30944,45.08162],[7.31054,45.08411],[7.31165,45.08766],[7.31511,45.08952],[7.32027,45.09016],[7.32776,45.0897],[7.33554,45.09013],[7.33742,45.09048],[7.33806,45.08812],[7.34039,45.08531],[7.34379,45.0862],[7.34652,45.08669],[7.3512,45.08655],[7.35449,45.08573],[7.35613,45.08502],[7.35531,45.08401],[7.34979,45.0833]]]}},{"type":"Feature","properties":{"tipo":"comune","nome":"Coazze","istat":"001089","diocesi":"Torino","lp":[45.05085,7.23247]},"geometry":{"type":"Polygon","coordinates":[[[7.30477,45.07897],[7.31075,45.07689],[7.31318,45.07331],[7.31406,45.0695],[7.31343,45.06722],[7.31503,45.06291],[7.31395,45.0568],[7.31448,45.05546],[7.31678,45.05283],[7.32079,45.05065],[7.32342,45.04985],[7.32681,45.04934],[7.33132,45.04921],[7.32302,45.04714],[7.30814,45.04564],[7.30431,45.04536],[7.29738,45.04609],[7.28955,45.04767],[7.27558,45.05033],[7.26655,45.04876],[7.25826,45.04584],[7.25202,45.0424],[7.25077,45.04051],[7.24495,45.03475],[7.23921,45.0317],[7.22609,45.02565],[7.21623,45.02186],[7.21516,45.02101],[7.21187,45.01633],[7.2116,45.01219],[7.21159,45.00588],[7.20523,45.00445],[7.20199,45.00523],[7.19971,45.00624],[7.1893,45.00686],[7.18152,45.00725],[7.18263,45.0089],[7.18232,45.01041],[7.17899,45.01941],[7.17732,45.02267],[7.17331,45.02834],[7.17165,45.02998],[7.16844,45.03253],[7.16514,45.04311],[7.16392,45.04756],[7.17193,45.04821],[7.17427,45.04957],[7.17892,45.05375],[7.1794,45.05622],[7.17707,45.06441],[7.1801,45.06894],[7.19195,45.07482],[7.19559,45.07645],[7.20693,45.07824],[7.21092,45.07825],[7.22143,45.07721],[7.22835,45.07627],[7.22957,45.07582],[7.24096,45.0771],[7.24573,45.07784],[7.25255,45.07686],[7.26867,45.07583],[7.27421,45.07615],[7.27918,45.07852],[7.28254,45.07938],[7.28545,45.07932],[7.29802,45.07941],[7.30305,45.07922],[7.30386,45.07898],[7.30477,45.07897]]]}},{"type":"Feature","properties":{"tipo":"comune","nome":"Giaveno","istat":"001115","diocesi":"Torino","lp":[45.0248,7.30482]},"geometry":{"type":"Polygon","coordinates":[[[7.36185,45.06633],[7.3633,45.06258],[7.36737,45.05589],[7.3703,45.05181],[7.37709,45.0463],[7.38108,45.0434],[7.38338,45.04309],[7.38264,45.0423],[7.38222,45.03833],[7.38288,45.02354],[7.38259,45.02229],[7.3784,45.0204],[7.37701,45.02],[7.36813,45.01049],[7.36582,45.0074],[7.36071,45.00741],[7.33938,45.0052],[7.33661,45.00427],[7.3269,45.00034],[7.3212,44.99791],[7.31851,44.99454],[7.31666,44.99078],[7.30942,44.98684],[7.30747,44.98626],[7.30385,44.9863],[7.29166,44.98083],[7.28946,44.97976],[7.28389,44.98448],[7.27113,44.99811],[7.26642,45.00064],[7.25934,45.00223],[7.24201,45.00417],[7.23784,45.00373],[7.23648,45.00322],[7.2306,45.00008],[7.22492,45.00158],[7.21995,45.00144],[7.21577,45.00203],[7.21159,45.00588],[7.2116,45.01219],[7.21187,45.01633],[7.21516,45.02101],[7.21623,45.02186],[7.22609,45.02565],[7.23921,45.0317],[7.24495,45.03475],[7.25077,45.04051],[7.25202,45.0424],[7.25826,45.04584],[7.26655,45.04876],[7.27558,45.05033],[7.28955,45.04767],[7.29738,45.04609],[7.30431,45.04536],[7.30814,45.04564],[7.32302,45.04714],[7.33132,45.04921],[7.32681,45.04934],[7.32342,45.04985],[7.32079,45.05065],[7.31678,45.05283],[7.31448,45.05546],[7.31395,45.0568],[7.31503,45.06291],[7.31343,45.06722],[7.31406,45.0695],[7.31838,45.06962],[7.32207,45.06791],[7.32514,45.06388],[7.33251,45.06358],[7.3357,45.06391],[7.34141,45.06389],[7.3433,45.06361],[7.34547,45.06289],[7.34996,45.06068],[7.35198,45.0602],[7.35675,45.06329],[7.35873,45.06534],[7.36042,45.0716],[7.36185,45.06633]]]}},{"type":"Feature","properties":{"tipo":"comune","nome":"Reano","istat":"001211","diocesi":"Torino","lp":[45.05323,7.42873]},"geometry":{"type":"Polygon","coordinates":[[[7.40276,45.057],[7.40217,45.0613],[7.40383,45.06351],[7.40457,45.06385],[7.41067,45.06507],[7.41832,45.06202],[7.42341,45.06188],[7.42701,45.06156],[7.43542,45.05957],[7.45482,45.06055],[7.45705,45.06077],[7.45492,45.05816],[7.45328,45.05665],[7.44765,45.04941],[7.44867,45.04702],[7.44804,45.04405],[7.44603,45.04276],[7.4412,45.04097],[7.43938,45.04031],[7.43894,45.04031],[7.42583,45.04329],[7.41634,45.04575],[7.41486,45.04784],[7.41206,45.0503],[7.4092,45.05231],[7.40748,45.05304],[7.40276,45.057]]]}},{"type":"Feature","properties":{"tipo":"comune","nome":"Villarbasse","istat":"001302","diocesi":"Torino","lp":[45.04454,7.47394]},"geometry":{"type":"Polygon","coordinates":[[[7.44603,45.04276],[7.44804,45.04405],[7.44867,45.04702],[7.44765,45.04941],[7.45328,45.05665],[7.45492,45.05816],[7.46392,45.05666],[7.47532,45.05493],[7.48233,45.05757],[7.48761,45.05688],[7.49505,45.05606],[7.49631,45.05567],[7.50349,45.05233],[7.50182,45.05034],[7.49511,45.04585],[7.49479,45.04493],[7.50034,45.04479],[7.49886,45.03707],[7.49825,45.03591],[7.49595,45.0347],[7.48254,45.03295],[7.48029,45.0324],[7.47398,45.02991],[7.47131,45.02754],[7.46046,45.03263],[7.45504,45.03581],[7.45476,45.03685],[7.45296,45.03805],[7.45019,45.03894],[7.4412,45.04097],[7.44603,45.04276]]]}},{"type":"Feature","properties":{"tipo":"comune","nome":"Trana","istat":"001276","diocesi":"Torino","lp":[45.02931,7.40523]},"geometry":{"type":"Polygon","coordinates":[[[7.40054,45.049],[7.40748,45.05304],[7.4092,45.05231],[7.41206,45.0503],[7.41486,45.04784],[7.41634,45.04575],[7.42583,45.04329],[7.43894,45.04031],[7.43938,45.04031],[7.44079,45.03705],[7.44141,45.03179],[7.43984,45.0289],[7.43583,45.02435],[7.4324,45.02272],[7.4276,45.02145],[7.42523,45.02106],[7.42169,45.02155],[7.42016,45.01806],[7.41914,45.01466],[7.41909,45.01266],[7.41527,45.01277],[7.41156,45.01314],[7.40707,45.0138],[7.40183,45.01433],[7.39853,45.01444],[7.39412,45.01258],[7.39138,45.01108],[7.37676,45.00651],[7.36582,45.0074],[7.36813,45.01049],[7.37701,45.02],[7.3784,45.0204],[7.38259,45.02229],[7.38288,45.02354],[7.38222,45.03833],[7.38264,45.0423],[7.38338,45.04309],[7.40054,45.049]]]}},{"type":"Feature","properties":{"tipo":"comune","nome":"Sangano","istat":"001241","diocesi":"Torino","lp":[45.02335,7.44491]},"geometry":{"type":"Polygon","coordinates":[[[7.46633,45.02657],[7.46344,45.02508],[7.45762,45.01404],[7.45717,45.01268],[7.45575,45.01253],[7.44646,45.01315],[7.44447,45.01366],[7.43684,45.01378],[7.43132,45.01151],[7.42226,45.0091],[7.41956,45.01187],[7.41909,45.01266],[7.41914,45.01466],[7.42016,45.01806],[7.42169,45.02155],[7.42523,45.02106],[7.4276,45.02145],[7.4324,45.02272],[7.43583,45.02435],[7.43984,45.0289],[7.44141,45.03179],[7.44079,45.03705],[7.43938,45.04031],[7.4412,45.04097],[7.45019,45.03894],[7.45296,45.03805],[7.45476,45.03685],[7.45504,45.03581],[7.46046,45.03263],[7.47131,45.02754],[7.47426,45.0261],[7.46633,45.02657]]]}},{"type":"Feature","properties":{"tipo":"comune","nome":"Bruino","istat":"001038","diocesi":"Torino","lp":[45.01412,7.47443]},"geometry":{"type":"Polygon","coordinates":[[[7.47928,45.02674],[7.48112,45.02662],[7.48299,45.02586],[7.48942,45.02107],[7.48798,45.01712],[7.49011,45.00694],[7.49362,45.004],[7.49151,45.00314],[7.4846,45.00229],[7.47903,45.00608],[7.46794,45.0016],[7.46457,45.00085],[7.46023,45.00643],[7.45945,45.01026],[7.45717,45.01268],[7.45762,45.01404],[7.46344,45.02508],[7.46633,45.02657],[7.47426,45.0261],[7.47928,45.02674]]]}},{"type":"Feature","properties":{"tipo":"comune","nome":"Rivalta di Torino","istat":"001214","diocesi":"Torino","lp":[45.02245,7.52037]},"geometry":{"type":"Polygon","coordinates":[[[7.49151,45.00314],[7.49362,45.004],[7.49011,45.00694],[7.48798,45.01712],[7.48942,45.02107],[7.48299,45.02586],[7.48112,45.02662],[7.47928,45.02674],[7.47426,45.0261],[7.47131,45.02754],[7.47398,45.02991],[7.48029,45.0324],[7.48254,45.03295],[7.49595,45.0347],[7.49825,45.03591],[7.49886,45.03707],[7.50034,45.04479],[7.5074,45.04405],[7.51245,45.04373],[7.52912,45.0441],[7.5518,45.04781],[7.55271,45.04846],[7.56841,45.04328],[7.56857,45.04306],[7.5681,45.03995],[7.56278,45.03731],[7.55921,45.03723],[7.55611,45.03449],[7.55472,45.0329],[7.55234,45.02636],[7.55755,45.01542],[7.56145,45.00739],[7.56484,45.00377],[7.564,45.00046],[7.56228,45.00066],[7.55434,45.00349],[7.55327,45.00479],[7.54717,45.01316],[7.53734,45.01807],[7.5239,45.02087],[7.52318,45.02095],[7.52267,45.0194],[7.51838,45.00457],[7.51547,44.9949],[7.51504,44.99411],[7.51059,44.98326],[7.50713,44.98437],[7.50399,44.98623],[7.49921,44.98992],[7.49597,44.99383],[7.4846,45.00229],[7.49151,45.00314]]]}},{"type":"Feature","properties":{"tipo":"comune","nome":"Beinasco","istat":"001024","diocesi":"Torino","lp":[45.01651,7.59037]},"geometry":{"type":"Polygon","coordinates":[[[7.60958,45.00674],[7.60266,44.99926],[7.60141,44.99835],[7.59728,44.99779],[7.59197,44.99882],[7.58722,44.99993],[7.58787,45.00158],[7.58938,45.00178],[7.59631,45.00584],[7.59787,45.00806],[7.59461,45.0099],[7.59096,45.00741],[7.58548,45.00625],[7.5738,45.00955],[7.57144,45.01088],[7.57275,45.0229],[7.57357,45.02495],[7.57547,45.02726],[7.57912,45.02843],[7.58263,45.02891],[7.5864,45.03079],[7.58771,45.03272],[7.5884,45.0345],[7.59415,45.03196],[7.60737,45.02978],[7.60076,45.01911],[7.60029,45.0188],[7.5934,45.01988],[7.59197,45.01973],[7.5904,45.01619],[7.59314,45.01402],[7.59963,45.01306],[7.61217,45.01039],[7.60958,45.00674]]]}},{"type":"Feature","properties":{"tipo":"comune","nome":"Orbassano","istat":"001171","diocesi":"Torino","lp":[45.01058,7.53459]},"geometry":{"type":"Polygon","coordinates":[[[7.58771,45.03272],[7.5864,45.03079],[7.58263,45.02891],[7.57912,45.02843],[7.57547,45.02726],[7.57357,45.02495],[7.57275,45.0229],[7.57144,45.01088],[7.5738,45.00955],[7.58548,45.00625],[7.59096,45.00741],[7.59461,45.0099],[7.59787,45.00806],[7.59631,45.00584],[7.58938,45.00178],[7.58787,45.00158],[7.58722,44.99993],[7.58547,44.99675],[7.58417,44.99356],[7.58486,44.99212],[7.59225,44.9888],[7.58804,44.98372],[7.5826,44.98156],[7.58272,44.97846],[7.58014,44.97984],[7.5743,44.9839],[7.57307,44.98531],[7.56812,44.98762],[7.56006,44.98874],[7.55871,44.98784],[7.55498,44.98381],[7.54734,44.98253],[7.54502,44.97957],[7.53587,44.98438],[7.52095,44.991],[7.51504,44.99411],[7.51547,44.9949],[7.51838,45.00457],[7.52267,45.0194],[7.52318,45.02095],[7.5239,45.02087],[7.53734,45.01807],[7.54717,45.01316],[7.55327,45.00479],[7.55434,45.00349],[7.56228,45.00066],[7.564,45.00046],[7.56484,45.00377],[7.56145,45.00739],[7.55755,45.01542],[7.55234,45.02636],[7.55472,45.0329],[7.55611,45.03449],[7.55921,45.03723],[7.56278,45.03731],[7.5681,45.03995],[7.56857,45.04306],[7.57985,45.03988],[7.5884,45.0345],[7.58771,45.03272]]]}},{"type":"Feature","properties":{"tipo":"comune","nome":"Piossasco","istat":"001194","diocesi":"Torino","lp":[44.9867,7.44953]},"geometry":{"type":"Polygon","coordinates":[[[7.45945,45.01026],[7.46023,45.00643],[7.46457,45.00085],[7.46794,45.0016],[7.47903,45.00608],[7.4846,45.00229],[7.49597,44.99383],[7.49921,44.98992],[7.50399,44.98623],[7.50713,44.98437],[7.51059,44.98326],[7.50813,44.98093],[7.50403,44.9755],[7.50232,44.97289],[7.49066,44.96338],[7.48101,44.96073],[7.47718,44.95886],[7.4755,44.95627],[7.47439,44.95406],[7.47356,44.94945],[7.46991,44.95046],[7.4633,44.9527],[7.45183,44.9573],[7.42972,44.96919],[7.42627,44.96936],[7.40644,44.98558],[7.3964,44.99626],[7.38816,45.0016],[7.3832,45.00411],[7.37676,45.00651],[7.39138,45.01108],[7.39412,45.01258],[7.39853,45.01444],[7.40183,45.01433],[7.40707,45.0138],[7.41156,45.01314],[7.41527,45.01277],[7.41909,45.01266],[7.41956,45.01187],[7.42226,45.0091],[7.43132,45.01151],[7.43684,45.01378],[7.44447,45.01366],[7.44646,45.01315],[7.45575,45.01253],[7.45717,45.01268],[7.45945,45.01026]]]}},{"type":"Feature","properties":{"tipo":"comune","nome":"Cumiana","istat":"001097","diocesi":"Torino","lp":[44.9678,7.38442]},"geometry":{"type":"Polygon","coordinates":[[[7.45858,44.93502],[7.45633,44.93473],[7.44929,44.93313],[7.44584,44.93203],[7.43939,44.9291],[7.43253,44.92626],[7.42431,44.92547],[7.42114,44.9261],[7.4164,44.92803],[7.41458,44.93175],[7.40979,44.93677],[7.40577,44.94048],[7.40297,44.94192],[7.3893,44.94052],[7.38109,44.93925],[7.36922,44.93846],[7.36479,44.93903],[7.36069,44.94115],[7.35754,44.94249],[7.35579,44.9438],[7.35498,44.94485],[7.35708,44.94788],[7.35755,44.9504],[7.35703,44.95313],[7.35581,44.95592],[7.35378,44.95859],[7.34005,44.96631],[7.3258,44.97118],[7.32246,44.97207],[7.31721,44.97262],[7.31158,44.97474],[7.30404,44.9737],[7.30106,44.9739],[7.29458,44.97593],[7.28946,44.97976],[7.29166,44.98083],[7.30385,44.9863],[7.30747,44.98626],[7.30942,44.98684],[7.31666,44.99078],[7.31851,44.99454],[7.3212,44.99791],[7.3269,45.00034],[7.33661,45.00427],[7.33938,45.0052],[7.36071,45.00741],[7.36582,45.0074],[7.37676,45.00651],[7.3832,45.00411],[7.38816,45.0016],[7.3964,44.99626],[7.40644,44.98558],[7.42627,44.96936],[7.42972,44.96919],[7.45183,44.9573],[7.4633,44.9527],[7.46991,44.95046],[7.47356,44.94945],[7.4731,44.94794],[7.46634,44.94186],[7.46469,44.93993],[7.46463,44.93869],[7.46635,44.93623],[7.45858,44.93502]]]}},{"type":"Feature","properties":{"tipo":"comune","nome":"Volvera","istat":"001315","diocesi":"Torino","lp":[44.95962,7.50876]},"geometry":{"type":"Polygon","coordinates":[[[7.51567,44.93329],[7.50962,44.93391],[7.50618,44.9365],[7.49873,44.93838],[7.48742,44.94013],[7.48411,44.9395],[7.47545,44.93646],[7.4737,44.93553],[7.47016,44.9343],[7.46754,44.93406],[7.46635,44.93623],[7.46463,44.93869],[7.46469,44.93993],[7.46634,44.94186],[7.4731,44.94794],[7.47356,44.94945],[7.47439,44.95406],[7.4755,44.95627],[7.47718,44.95886],[7.48101,44.96073],[7.49066,44.96338],[7.50232,44.97289],[7.50403,44.9755],[7.50813,44.98093],[7.51059,44.98326],[7.51504,44.99411],[7.52095,44.991],[7.53587,44.98438],[7.54502,44.97957],[7.54288,44.97331],[7.53835,44.96649],[7.5293,44.95363],[7.52623,44.94572],[7.51981,44.93554],[7.51814,44.93365],[7.51567,44.93329]]]}},{"type":"Feature","properties":{"tipo":"comune","nome":"Nichelino","istat":"001164","diocesi":"Torino","lp":[44.98999,7.62392]},"geometry":{"type":"Polygon","coordinates":[[[7.59197,44.99882],[7.59728,44.99779],[7.60141,44.99835],[7.60266,44.99926],[7.60958,45.00674],[7.61217,45.01039],[7.61744,45.01037],[7.64101,45.00754],[7.64563,45.00704],[7.65331,45.00792],[7.65544,45.00804],[7.6614,45.00783],[7.66194,45.00692],[7.66293,45.00346],[7.66192,44.99313],[7.65959,44.98616],[7.65475,44.97584],[7.65391,44.97474],[7.64885,44.97044],[7.64802,44.97019],[7.64617,44.972],[7.64356,44.97311],[7.63898,44.97362],[7.63641,44.9735],[7.6218,44.98109],[7.61397,44.98057],[7.60526,44.9724],[7.60026,44.96782],[7.59719,44.96761],[7.59384,44.97115],[7.59102,44.97128],[7.58956,44.96972],[7.58772,44.9665],[7.58769,44.965],[7.586,44.96366],[7.5827,44.96299],[7.58146,44.963],[7.57989,44.9641],[7.58225,44.96915],[7.58871,44.97488],[7.58738,44.97591],[7.58272,44.97846],[7.5826,44.98156],[7.58804,44.98372],[7.59225,44.9888],[7.58486,44.99212],[7.58417,44.99356],[7.58547,44.99675],[7.58722,44.99993],[7.59197,44.99882]]]}},{"type":"Feature","properties":{"tipo":"comune","nome":"Candiolo","istat":"001051","diocesi":"Torino","lp":[44.96374,7.57837]},"geometry":{"type":"Polygon","coordinates":[[[7.58738,44.97591],[7.58871,44.97488],[7.58225,44.96915],[7.57989,44.9641],[7.58146,44.963],[7.5827,44.96299],[7.586,44.96366],[7.58769,44.965],[7.58772,44.9665],[7.58956,44.96972],[7.59102,44.97128],[7.59384,44.97115],[7.59719,44.96761],[7.60026,44.96782],[7.60338,44.96648],[7.60673,44.96408],[7.60996,44.96152],[7.61026,44.96094],[7.6084,44.95863],[7.60642,44.95669],[7.6007,44.95307],[7.59946,44.94817],[7.59502,44.94515],[7.5918,44.94623],[7.58528,44.94661],[7.57607,44.94625],[7.56969,44.94799],[7.55581,44.95334],[7.55486,44.95389],[7.55403,44.95533],[7.55459,44.95712],[7.55745,44.9587],[7.55903,44.9635],[7.55855,44.96862],[7.55889,44.98047],[7.56015,44.98473],[7.55871,44.98784],[7.56006,44.98874],[7.56812,44.98762],[7.57307,44.98531],[7.5743,44.9839],[7.58014,44.97984],[7.58272,44.97846],[7.58738,44.97591]]]}},{"type":"Feature","properties":{"tipo":"comune","nome":"Vinovo","istat":"001309","diocesi":"Torino","lp":[44.95529,7.62907]},"geometry":{"type":"Polygon","coordinates":[[[7.6007,44.95307],[7.60642,44.95669],[7.6084,44.95863],[7.61026,44.96094],[7.60996,44.96152],[7.60673,44.96408],[7.60338,44.96648],[7.60026,44.96782],[7.60526,44.9724],[7.61397,44.98057],[7.6218,44.98109],[7.63641,44.9735],[7.63898,44.97362],[7.64356,44.97311],[7.64617,44.972],[7.64802,44.97019],[7.65404,44.96847],[7.65467,44.96571],[7.65757,44.96396],[7.65558,44.96146],[7.65301,44.95486],[7.65412,44.94904],[7.65038,44.94387],[7.65002,44.94053],[7.64829,44.93851],[7.65004,44.9359],[7.64738,44.92925],[7.63989,44.92596],[7.63741,44.92918],[7.61788,44.93858],[7.6075,44.9433],[7.60182,44.94484],[7.60001,44.94663],[7.59946,44.94817],[7.6007,44.95307]]]}},{"type":"Feature","properties":{"tipo":"comune","nome":"La Loggia","istat":"001127","diocesi":"Torino","lp":[44.95329,7.67578]},"geometry":{"type":"Polygon","coordinates":[[[7.68693,44.93768],[7.68471,44.93398],[7.67781,44.93256],[7.67403,44.93236],[7.66771,44.93335],[7.66375,44.93514],[7.65512,44.93812],[7.65123,44.93751],[7.64829,44.93851],[7.65002,44.94053],[7.65038,44.94387],[7.65412,44.94904],[7.65301,44.95486],[7.65558,44.96146],[7.65757,44.96396],[7.65911,44.96646],[7.66331,44.96756],[7.6667,44.96756],[7.6766,44.97127],[7.68078,44.97417],[7.68862,44.97638],[7.69216,44.97405],[7.69905,44.9663],[7.70174,44.96062],[7.7016,44.95959],[7.70002,44.95566],[7.69553,44.95137],[7.69415,44.95025],[7.69295,44.94989],[7.68979,44.95015],[7.68383,44.95112],[7.68229,44.95089],[7.68083,44.94746],[7.68191,44.94531],[7.68296,44.94484],[7.69446,44.94385],[7.69681,44.94268],[7.69696,44.94025],[7.69583,44.93878],[7.69451,44.93801],[7.69209,44.93742],[7.68693,44.93768]]]}},{"type":"Feature","properties":{"tipo":"comune","nome":"None","istat":"001168","diocesi":"Torino","lp":[44.94015,7.54886]},"geometry":{"type":"Polygon","coordinates":[[[7.51212,44.91944],[7.51273,44.92172],[7.51369,44.9229],[7.51547,44.92367],[7.51755,44.92529],[7.52022,44.92815],[7.51814,44.93365],[7.51981,44.93554],[7.52623,44.94572],[7.5293,44.95363],[7.53835,44.96649],[7.54288,44.97331],[7.54502,44.97957],[7.54734,44.98253],[7.55498,44.98381],[7.55871,44.98784],[7.56015,44.98473],[7.55889,44.98047],[7.55855,44.96862],[7.55903,44.9635],[7.55745,44.9587],[7.55459,44.95712],[7.55403,44.95533],[7.55486,44.95389],[7.55581,44.95334],[7.56969,44.94799],[7.57607,44.94625],[7.58528,44.94661],[7.5918,44.94623],[7.59502,44.94515],[7.59672,44.94575],[7.59823,44.94531],[7.60089,44.94312],[7.60116,44.94129],[7.59861,44.94013],[7.59637,44.94148],[7.59184,44.94092],[7.58511,44.93774],[7.57436,44.93057],[7.57749,44.92737],[7.57432,44.92349],[7.56705,44.91967],[7.56633,44.91898],[7.56316,44.91735],[7.55922,44.91668],[7.55791,44.91676],[7.54984,44.91642],[7.54162,44.91195],[7.54016,44.91036],[7.53706,44.91014],[7.52816,44.91024],[7.51908,44.91554],[7.51261,44.91712],[7.51212,44.91944]]]}},{"type":"Feature","properties":{"tipo":"comune","nome":"Airasca","istat":"001002","diocesi":"Torino","lp":[44.92174,7.48324]},"geometry":{"type":"Polygon","coordinates":[[[7.52022,44.92815],[7.51755,44.92529],[7.51547,44.92367],[7.51369,44.9229],[7.51273,44.92172],[7.51212,44.91944],[7.51261,44.91712],[7.51142,44.9161],[7.50342,44.90995],[7.4988,44.90723],[7.49657,44.90624],[7.49105,44.90521],[7.48222,44.90403],[7.47731,44.90398],[7.47507,44.90416],[7.4546,44.90897],[7.45297,44.90983],[7.44911,44.9135],[7.44833,44.91456],[7.44736,44.91779],[7.44785,44.92294],[7.44816,44.92328],[7.4557,44.92414],[7.45978,44.93039],[7.45858,44.93502],[7.46635,44.93623],[7.46754,44.93406],[7.47016,44.9343],[7.4737,44.93553],[7.47545,44.93646],[7.48411,44.9395],[7.48742,44.94013],[7.49873,44.93838],[7.50618,44.9365],[7.50962,44.93391],[7.51567,44.93329],[7.51814,44.93365],[7.52022,44.92815]]]}},{"type":"Feature","properties":{"tipo":"comune","nome":"Piscina","istat":"001195","diocesi":"Torino","lp":[44.92049,7.42599]},"geometry":{"type":"Polygon","coordinates":[[[7.45978,44.93039],[7.4557,44.92414],[7.44816,44.92328],[7.44785,44.92294],[7.44736,44.91779],[7.44833,44.91456],[7.44911,44.9135],[7.45297,44.90983],[7.44958,44.90889],[7.43783,44.90853],[7.42381,44.90527],[7.42167,44.90469],[7.42153,44.90675],[7.41714,44.9125],[7.41021,44.91547],[7.40454,44.91524],[7.40249,44.91415],[7.3987,44.9166],[7.39503,44.9169],[7.39049,44.91972],[7.39138,44.92282],[7.3931,44.92778],[7.39605,44.92888],[7.40403,44.9307],[7.41222,44.93214],[7.41458,44.93175],[7.4164,44.92803],[7.42114,44.9261],[7.42431,44.92547],[7.43253,44.92626],[7.43939,44.9291],[7.44584,44.93203],[7.44929,44.93313],[7.45633,44.93473],[7.45858,44.93502],[7.45978,44.93039]]]}},{"type":"Feature","properties":{"tipo":"comune","nome":"Scalenghe","istat":"001260","diocesi":"Torino","lp":[44.89305,7.48701]},"geometry":{"type":"Polygon","coordinates":[[[7.4546,44.90897],[7.47507,44.90416],[7.47731,44.90398],[7.48222,44.90403],[7.49105,44.90521],[7.49657,44.90624],[7.4988,44.90723],[7.50342,44.90995],[7.51142,44.9161],[7.51261,44.91712],[7.51908,44.91554],[7.52816,44.91024],[7.53706,44.91014],[7.54016,44.91036],[7.539,44.90036],[7.5381,44.89158],[7.5388,44.88716],[7.54081,44.87876],[7.5454,44.87679],[7.5394,44.87683],[7.52464,44.87634],[7.51838,44.87605],[7.5157,44.87552],[7.51247,44.87396],[7.50837,44.87291],[7.50119,44.87296],[7.48552,44.8753],[7.47866,44.87425],[7.46498,44.87508],[7.46032,44.87564],[7.45915,44.87636],[7.45415,44.87839],[7.44853,44.8811],[7.44265,44.88486],[7.44053,44.88852],[7.4373,44.89212],[7.4308,44.89167],[7.42451,44.89056],[7.42302,44.8896],[7.41543,44.88747],[7.41744,44.89027],[7.42063,44.89685],[7.42113,44.90338],[7.42167,44.90469],[7.42381,44.90527],[7.43783,44.90853],[7.44958,44.90889],[7.45297,44.90983],[7.4546,44.90897]]]}},{"type":"Feature","properties":{"tipo":"comune","nome":"Piobesi Torinese","istat":"001193","diocesi":"Torino","lp":[44.92048,7.60321]},"geometry":{"type":"Polygon","coordinates":[[[7.59946,44.94817],[7.60001,44.94663],[7.60182,44.94484],[7.6075,44.9433],[7.61788,44.93858],[7.63741,44.92918],[7.63989,44.92596],[7.63993,44.9247],[7.63686,44.92021],[7.63276,44.91501],[7.62667,44.90798],[7.61362,44.90075],[7.61201,44.89794],[7.61073,44.8988],[7.60589,44.89963],[7.60095,44.89942],[7.59191,44.89731],[7.59054,44.89666],[7.58798,44.89639],[7.58351,44.89938],[7.58148,44.90144],[7.58211,44.90406],[7.58212,44.9069],[7.57769,44.91015],[7.57039,44.91441],[7.56833,44.91595],[7.56633,44.91898],[7.56705,44.91967],[7.57432,44.92349],[7.57749,44.92737],[7.57436,44.93057],[7.58511,44.93774],[7.59184,44.94092],[7.59637,44.94148],[7.59861,44.94013],[7.60116,44.94129],[7.60089,44.94312],[7.59823,44.94531],[7.59672,44.94575],[7.59502,44.94515],[7.59946,44.94817]]]}},{"type":"Feature","properties":{"tipo":"comune","nome":"Carignano","istat":"001058","diocesi":"Torino","lp":[44.8972,7.66162]},"geometry":{"type":"MultiPolygon","coordinates":[[[[7.69626,44.93534],[7.69863,44.92918],[7.70142,44.92837],[7.70477,44.92799],[7.71338,44.93221],[7.71468,44.93211],[7.7151,44.93088],[7.71483,44.92768],[7.71357,44.92569],[7.71019,44.92441],[7.70783,44.9229],[7.70934,44.91793],[7.7124,44.91679],[7.71419,44.9184],[7.71604,44.9191],[7.71707,44.91799],[7.7188,44.91436],[7.71969,44.90631],[7.7195,44.90292],[7.71491,44.90015],[7.71148,44.89903],[7.70596,44.90043],[7.70335,44.89738],[7.70182,44.89625],[7.69772,44.89613],[7.69483,44.89663],[7.69024,44.89908],[7.68838,44.90076],[7.6874,44.90098],[7.68548,44.90062],[7.68721,44.89908],[7.69349,44.89573],[7.69921,44.89414],[7.7012,44.89065],[7.69274,44.88619],[7.68288,44.89074],[7.68066,44.89043],[7.67926,44.88893],[7.67868,44.88522],[7.67964,44.88287],[7.68059,44.8824],[7.68857,44.88032],[7.69653,44.87672],[7.69634,44.87615],[7.69283,44.87671],[7.67875,44.8799],[7.67131,44.87807],[7.66581,44.87592],[7.66465,44.87239],[7.67085,44.86911],[7.66167,44.86735],[7.65934,44.86716],[7.65901,44.86629],[7.6599,44.86461],[7.66081,44.86423],[7.6727,44.86481],[7.67604,44.8595],[7.67827,44.85635],[7.67795,44.85081],[7.67754,44.84975],[7.67401,44.84765],[7.6728,44.84765],[7.67002,44.84883],[7.66887,44.85099],[7.67043,44.85267],[7.66958,44.85656],[7.66714,44.8588],[7.66182,44.86057],[7.65229,44.86264],[7.65116,44.86232],[7.6488,44.85882],[7.64862,44.85696],[7.65024,44.85537],[7.65873,44.85186],[7.66848,44.84494],[7.66932,44.84401],[7.66933,44.84268],[7.66814,44.84146],[7.66528,44.84027],[7.66287,44.84152],[7.66126,44.844],[7.65868,44.84663],[7.65173,44.85088],[7.65288,44.8476],[7.6605,44.83967],[7.66106,44.83892],[7.66034,44.83736],[7.65078,44.84517],[7.64808,44.84888],[7.65042,44.84888],[7.64996,44.8533],[7.64801,44.85434],[7.64488,44.85519],[7.64196,44.85515],[7.63954,44.85701],[7.63368,44.86063],[7.63249,44.86069],[7.62707,44.85918],[7.62201,44.85927],[7.61977,44.86],[7.61899,44.86199],[7.62153,44.86854],[7.62502,44.87553],[7.62394,44.88051],[7.62311,44.88163],[7.62064,44.88253],[7.61712,44.88215],[7.61229,44.88037],[7.60795,44.88606],[7.60654,44.88927],[7.60011,44.88833],[7.60168,44.8903],[7.60953,44.89585],[7.61201,44.89794],[7.61362,44.90075],[7.62667,44.90798],[7.63276,44.91501],[7.63686,44.92021],[7.63993,44.9247],[7.63989,44.92596],[7.64738,44.92925],[7.65004,44.9359],[7.64829,44.93851],[7.65123,44.93751],[7.65512,44.93812],[7.66375,44.93514],[7.66771,44.93335],[7.67403,44.93236],[7.67781,44.93256],[7.68471,44.93398],[7.68693,44.93768],[7.69209,44.93742],[7.69626,44.93534]]],[[[7.7047,44.88627],[7.70487,44.88519],[7.70263,44.88407],[7.69728,44.88393],[7.69593,44.88516],[7.69625,44.88594],[7.70195,44.88643],[7.7047,44.88627]]],[[[7.68117,44.86929],[7.67928,44.86941],[7.67408,44.87112],[7.67263,44.87182],[7.67359,44.87308],[7.67564,44.87218],[7.68117,44.86929]]],[[[7.66747,44.8513],[7.66673,44.85039],[7.66491,44.84926],[7.66249,44.8521],[7.66283,44.85367],[7.66431,44.85369],[7.66747,44.8513]]],[[[7.59468,44.88453],[7.59594,44.88568],[7.59895,44.88324],[7.59411,44.88231],[7.59468,44.88453]]]]}},{"type":"Feature","properties":{"tipo":"comune","nome":"Castagnole Piemonte","istat":"001065","diocesi":"Torino","lp":[44.89489,7.56647]},"geometry":{"type":"Polygon","coordinates":[[[7.59468,44.88453],[7.59411,44.88231],[7.59107,44.88017],[7.58816,44.87965],[7.58214,44.87691],[7.5738,44.87623],[7.55488,44.87709],[7.55296,44.87789],[7.54939,44.87809],[7.5469,44.87757],[7.5454,44.87679],[7.54081,44.87876],[7.5388,44.88716],[7.5381,44.89158],[7.539,44.90036],[7.54016,44.91036],[7.54162,44.91195],[7.54984,44.91642],[7.55791,44.91676],[7.55922,44.91668],[7.56316,44.91735],[7.56633,44.91898],[7.56833,44.91595],[7.57039,44.91441],[7.57769,44.91015],[7.58212,44.9069],[7.58211,44.90406],[7.58148,44.90144],[7.58351,44.89938],[7.58798,44.89639],[7.59054,44.89666],[7.59191,44.89731],[7.60095,44.89942],[7.60589,44.89963],[7.61073,44.8988],[7.61201,44.89794],[7.60953,44.89585],[7.60168,44.8903],[7.60011,44.88833],[7.59594,44.88568],[7.59468,44.88453]]]}},{"type":"Feature","properties":{"tipo":"comune","nome":"Virle Piemonte","istat":"001310","diocesi":"Torino","lp":[44.8622,7.57618]},"geometry":{"type":"Polygon","coordinates":[[[7.5469,44.87757],[7.54939,44.87809],[7.55296,44.87789],[7.55488,44.87709],[7.5738,44.87623],[7.58214,44.87691],[7.58816,44.87965],[7.59107,44.88017],[7.59541,44.87956],[7.59769,44.87785],[7.59913,44.87643],[7.60079,44.87383],[7.60038,44.86959],[7.60497,44.86075],[7.60697,44.85991],[7.60441,44.85806],[7.60189,44.85438],[7.60006,44.851],[7.59727,44.84913],[7.59476,44.8478],[7.58673,44.84541],[7.58041,44.84377],[7.56812,44.8436],[7.56538,44.84377],[7.56313,44.84452],[7.55975,44.84653],[7.55111,44.85921],[7.54883,44.86392],[7.5454,44.87679],[7.5469,44.87757]]]}},{"type":"Feature","properties":{"tipo":"comune","nome":"Osasio","istat":"001174","diocesi":"Torino","lp":[44.87398,7.61004]},"geometry":{"type":"Polygon","coordinates":[[[7.59895,44.88324],[7.59594,44.88568],[7.60011,44.88833],[7.60654,44.88927],[7.60795,44.88606],[7.61229,44.88037],[7.61712,44.88215],[7.62064,44.88253],[7.62311,44.88163],[7.62394,44.88051],[7.62502,44.87553],[7.62153,44.86854],[7.61899,44.86199],[7.61977,44.86],[7.61883,44.85942],[7.60697,44.85991],[7.60497,44.86075],[7.60038,44.86959],[7.60079,44.87383],[7.59913,44.87643],[7.59769,44.87785],[7.59541,44.87956],[7.59107,44.88017],[7.59411,44.88231],[7.59895,44.88324]]]}},{"type":"Feature","properties":{"tipo":"comune","nome":"Lombriasco","istat":"001136","diocesi":"Torino","lp":[44.84475,7.63584]},"geometry":{"type":"Polygon","coordinates":[[[7.66034,44.83736],[7.65546,44.83541],[7.65737,44.83321],[7.6575,44.82445],[7.65684,44.81956],[7.65709,44.8164],[7.65136,44.81891],[7.65063,44.82269],[7.65235,44.82587],[7.6533,44.83145],[7.65259,44.83294],[7.64783,44.8396],[7.64505,44.84218],[7.64397,44.84277],[7.63984,44.84091],[7.63724,44.83878],[7.63676,44.83798],[7.63782,44.83657],[7.63906,44.83578],[7.63333,44.83285],[7.62737,44.83228],[7.621,44.83932],[7.62132,44.84241],[7.62102,44.84672],[7.62032,44.84748],[7.61847,44.84716],[7.61745,44.84553],[7.61375,44.84719],[7.61241,44.84899],[7.61638,44.85738],[7.61883,44.85942],[7.61977,44.86],[7.62201,44.85927],[7.62707,44.85918],[7.63249,44.86069],[7.63368,44.86063],[7.63954,44.85701],[7.64196,44.85515],[7.64488,44.85519],[7.64801,44.85434],[7.64996,44.8533],[7.65042,44.84888],[7.64808,44.84888],[7.64672,44.84669],[7.65078,44.84517],[7.66034,44.83736]]]}},{"type":"Feature","properties":{"tipo":"comune","nome":"Cercenasco","istat":"001071","diocesi":"Torino","lp":[44.8663,7.5025]},"geometry":{"type":"Polygon","coordinates":[[[7.45956,44.86388],[7.45901,44.87349],[7.45915,44.87636],[7.46032,44.87564],[7.46498,44.87508],[7.47866,44.87425],[7.48552,44.8753],[7.50119,44.87296],[7.50837,44.87291],[7.51247,44.87396],[7.5157,44.87552],[7.51838,44.87605],[7.52464,44.87634],[7.5394,44.87683],[7.5454,44.87679],[7.54883,44.86392],[7.54635,44.86423],[7.54029,44.86366],[7.53782,44.86138],[7.52846,44.85896],[7.51488,44.85694],[7.51154,44.8555],[7.50891,44.85525],[7.50291,44.85495],[7.48158,44.85531],[7.46865,44.85912],[7.46109,44.86172],[7.45777,44.86176],[7.45956,44.86388]]]}},{"type":"Feature","properties":{"tipo":"comune","nome":"Vigone","istat":"001299","diocesi":"Torino","lp":[44.83751,7.49624]},"geometry":{"type":"Polygon","coordinates":[[[7.46109,44.86172],[7.46865,44.85912],[7.48158,44.85531],[7.50291,44.85495],[7.50891,44.85525],[7.51154,44.8555],[7.51488,44.85694],[7.52846,44.85896],[7.53782,44.86138],[7.54029,44.86366],[7.54635,44.86423],[7.54883,44.86392],[7.55111,44.85921],[7.55975,44.84653],[7.56313,44.84452],[7.56412,44.84177],[7.56324,44.84063],[7.55959,44.83911],[7.55605,44.83582],[7.54685,44.82442],[7.54624,44.82224],[7.54631,44.82117],[7.54121,44.82145],[7.53565,44.8196],[7.53484,44.82022],[7.53535,44.82258],[7.53108,44.82491],[7.52896,44.82573],[7.52665,44.82567],[7.51648,44.81914],[7.50845,44.81207],[7.5042,44.81197],[7.50148,44.81209],[7.48851,44.81656],[7.48152,44.81767],[7.47018,44.81689],[7.4521,44.81789],[7.45035,44.81792],[7.44696,44.8173],[7.44526,44.81673],[7.43345,44.81582],[7.42839,44.81691],[7.4292,44.82348],[7.4299,44.82672],[7.43047,44.83388],[7.43606,44.83362],[7.43847,44.83373],[7.44181,44.83474],[7.44418,44.83827],[7.44552,44.84129],[7.45072,44.85518],[7.45049,44.85915],[7.45777,44.86176],[7.46109,44.86172]]]}},{"type":"Feature","properties":{"tipo":"comune","nome":"Pancalieri","istat":"001178","diocesi":"Torino","lp":[44.83234,7.58384]},"geometry":{"type":"Polygon","coordinates":[[[7.61638,44.85738],[7.61241,44.84899],[7.61375,44.84719],[7.61745,44.84553],[7.61795,44.84305],[7.61807,44.83485],[7.61957,44.8339],[7.61932,44.82894],[7.61653,44.82849],[7.61323,44.82993],[7.61189,44.83088],[7.60916,44.83361],[7.60807,44.83628],[7.60434,44.83839],[7.59649,44.8367],[7.59431,44.8352],[7.59351,44.83413],[7.59283,44.82827],[7.59677,44.82322],[7.59434,44.82109],[7.59498,44.81231],[7.59671,44.80989],[7.59152,44.80829],[7.58414,44.80944],[7.57762,44.81122],[7.57901,44.81437],[7.57552,44.81963],[7.57236,44.81692],[7.56993,44.8132],[7.56574,44.8114],[7.56478,44.81187],[7.56659,44.81446],[7.56227,44.81641],[7.55656,44.81772],[7.55008,44.81675],[7.54631,44.82117],[7.54624,44.82224],[7.54685,44.82442],[7.55605,44.83582],[7.55959,44.83911],[7.56324,44.84063],[7.56412,44.84177],[7.56313,44.84452],[7.56538,44.84377],[7.56812,44.8436],[7.58041,44.84377],[7.58673,44.84541],[7.59476,44.8478],[7.59727,44.84913],[7.60006,44.851],[7.60189,44.85438],[7.60441,44.85806],[7.60697,44.85991],[7.61883,44.85942],[7.61638,44.85738]]]}},{"type":"Feature","properties":{"tipo":"comune","nome":"Garzigliana","istat":"001111","diocesi":"Torino","lp":[44.83361,7.36811]},"geometry":{"type":"Polygon","coordinates":[[[7.3396,44.83671],[7.35129,44.83787],[7.36356,44.84083],[7.36638,44.84067],[7.37355,44.84249],[7.37441,44.84415],[7.37502,44.84687],[7.38003,44.84682],[7.38382,44.84572],[7.39303,44.84242],[7.39276,44.84083],[7.39161,44.83638],[7.38476,44.82664],[7.38279,44.82478],[7.37115,44.82384],[7.36647,44.82371],[7.35671,44.824],[7.35022,44.82449],[7.34537,44.82311],[7.3396,44.83671]]]}},{"type":"Feature","properties":{"tipo":"comune","nome":"Cavour","istat":"001070","diocesi":"Torino","lp":[44.7947,7.38871]},"geometry":{"type":"Polygon","coordinates":[[[7.35022,44.82449],[7.35671,44.824],[7.36647,44.82371],[7.37115,44.82384],[7.38279,44.82478],[7.38476,44.82664],[7.39161,44.83638],[7.39276,44.84083],[7.39711,44.83912],[7.40379,44.8376],[7.4128,44.83566],[7.41525,44.83556],[7.42271,44.83629],[7.42831,44.83532],[7.43043,44.83478],[7.43047,44.83388],[7.4299,44.82672],[7.4292,44.82348],[7.42839,44.81691],[7.42758,44.81595],[7.41809,44.80857],[7.41198,44.80721],[7.40954,44.79663],[7.4106,44.79418],[7.41267,44.79292],[7.41615,44.7915],[7.42543,44.78526],[7.43212,44.78304],[7.43707,44.78208],[7.4424,44.7816],[7.45121,44.78117],[7.45302,44.78066],[7.45472,44.77951],[7.45657,44.77771],[7.44553,44.77672],[7.44243,44.77744],[7.4408,44.77691],[7.43773,44.77081],[7.43706,44.76739],[7.43758,44.76444],[7.43028,44.76405],[7.42352,44.76548],[7.41571,44.76644],[7.41049,44.76574],[7.40952,44.76423],[7.39795,44.76196],[7.39176,44.76217],[7.37781,44.76078],[7.36881,44.75962],[7.36601,44.75721],[7.36649,44.75527],[7.36662,44.75202],[7.36544,44.75187],[7.3474,44.75168],[7.34505,44.75183],[7.34696,44.753],[7.34868,44.75521],[7.34929,44.75797],[7.3494,44.7641],[7.3483,44.77193],[7.34727,44.77738],[7.34647,44.7798],[7.34466,44.78275],[7.34972,44.78723],[7.35205,44.79848],[7.35263,44.80219],[7.35233,44.80518],[7.35187,44.80654],[7.35021,44.80764],[7.34352,44.8138],[7.34309,44.8169],[7.34325,44.81788],[7.34537,44.82311],[7.35022,44.82449]]]}},{"type":"Feature","properties":{"tipo":"comune","nome":"Villafranca Piemonte","istat":"001300","diocesi":"Torino","lp":[44.79572,7.4851]},"geometry":{"type":"Polygon","coordinates":[[[7.45472,44.77951],[7.45302,44.78066],[7.45121,44.78117],[7.4424,44.7816],[7.43707,44.78208],[7.43212,44.78304],[7.42543,44.78526],[7.41615,44.7915],[7.41267,44.79292],[7.4106,44.79418],[7.40954,44.79663],[7.41198,44.80721],[7.41809,44.80857],[7.42758,44.81595],[7.42839,44.81691],[7.43345,44.81582],[7.44526,44.81673],[7.44696,44.8173],[7.45035,44.81792],[7.4521,44.81789],[7.47018,44.81689],[7.48152,44.81767],[7.48851,44.81656],[7.50148,44.81209],[7.5042,44.81197],[7.50845,44.81207],[7.51648,44.81914],[7.52665,44.82567],[7.52896,44.82573],[7.53108,44.82491],[7.53535,44.82258],[7.53484,44.82022],[7.53565,44.8196],[7.54121,44.82145],[7.54631,44.82117],[7.55008,44.81675],[7.55656,44.81772],[7.56227,44.81641],[7.56659,44.81446],[7.56478,44.81187],[7.56236,44.81274],[7.55972,44.81077],[7.5602,44.80973],[7.5616,44.80866],[7.56438,44.80767],[7.56689,44.80256],[7.56473,44.799],[7.56245,44.79803],[7.55736,44.79666],[7.55414,44.79525],[7.54936,44.79646],[7.54401,44.79648],[7.53445,44.79391],[7.53291,44.78986],[7.53327,44.78504],[7.53065,44.78176],[7.52454,44.7821],[7.52178,44.78393],[7.52042,44.78416],[7.51466,44.78321],[7.51383,44.78274],[7.50799,44.77695],[7.50938,44.77555],[7.50796,44.77081],[7.50262,44.76683],[7.49931,44.76811],[7.49395,44.76511],[7.49139,44.76416],[7.48122,44.76146],[7.47933,44.75968],[7.47166,44.75703],[7.4678,44.75731],[7.46041,44.75916],[7.46099,44.76163],[7.46087,44.76318],[7.45844,44.76408],[7.45523,44.76355],[7.45569,44.76069],[7.45223,44.7605],[7.45146,44.76083],[7.45001,44.76283],[7.44923,44.7644],[7.4462,44.77391],[7.45237,44.77465],[7.45913,44.77472],[7.46059,44.7734],[7.46472,44.77364],[7.46441,44.77449],[7.4616,44.77773],[7.46061,44.77849],[7.45895,44.77849],[7.45657,44.77771],[7.45472,44.77951]],[[7.46699,44.76694],[7.46916,44.76345],[7.47118,44.76239],[7.47248,44.76311],[7.47428,44.76558],[7.47514,44.76727],[7.47505,44.76823],[7.46984,44.77071],[7.46879,44.7718],[7.46667,44.77289],[7.46636,44.76851],[7.46699,44.76694]]]}},{"type":"Feature","properties":{"tipo":"comune","nome":"Casalgrasso","istat":"004045","diocesi":"Torino","lp":[44.81664,7.62528]},"geometry":{"type":"Polygon","coordinates":[[[7.61847,44.84716],[7.62032,44.84748],[7.62102,44.84672],[7.62132,44.84241],[7.621,44.83932],[7.62737,44.83228],[7.63333,44.83285],[7.63906,44.83578],[7.63782,44.83657],[7.63676,44.83798],[7.63724,44.83878],[7.63984,44.84091],[7.64397,44.84277],[7.64505,44.84218],[7.64783,44.8396],[7.65259,44.83294],[7.6533,44.83145],[7.65235,44.82587],[7.65063,44.82269],[7.65136,44.81891],[7.64877,44.81774],[7.64178,44.81333],[7.63927,44.80864],[7.63966,44.80621],[7.6421,44.80649],[7.64452,44.80452],[7.64648,44.79956],[7.64477,44.7986],[7.64283,44.79567],[7.64329,44.78882],[7.6429,44.78426],[7.64073,44.78359],[7.6364,44.78406],[7.63514,44.78645],[7.62948,44.78923],[7.62323,44.78754],[7.61926,44.78673],[7.61842,44.78885],[7.61732,44.79263],[7.61819,44.79429],[7.62156,44.79462],[7.62154,44.79561],[7.62045,44.80234],[7.60879,44.80781],[7.60438,44.80834],[7.59841,44.80994],[7.59758,44.8103],[7.59677,44.82322],[7.59283,44.82827],[7.59351,44.83413],[7.59431,44.8352],[7.59649,44.8367],[7.60434,44.83839],[7.60807,44.83628],[7.60916,44.83361],[7.61189,44.83088],[7.61323,44.82993],[7.61653,44.82849],[7.61932,44.82894],[7.61957,44.8339],[7.61807,44.83485],[7.61795,44.84305],[7.61745,44.84553],[7.61847,44.84716]]]}},{"type":"Feature","properties":{"tipo":"comune","nome":"Faule","istat":"004087","diocesi":"Torino","lp":[44.79653,7.57118]},"geometry":{"type":"MultiPolygon","coordinates":[[[[7.59498,44.81231],[7.59434,44.82109],[7.59677,44.82322],[7.59758,44.8103],[7.59671,44.80989],[7.59498,44.81231]]],[[[7.56574,44.8114],[7.56993,44.8132],[7.57236,44.81692],[7.57552,44.81963],[7.57901,44.81437],[7.57762,44.81122],[7.58414,44.80944],[7.59152,44.80829],[7.59025,44.80603],[7.58617,44.80057],[7.58142,44.79785],[7.57744,44.79129],[7.57221,44.78181],[7.5697,44.77596],[7.5703,44.77137],[7.56642,44.77232],[7.56115,44.77298],[7.55936,44.7742],[7.55804,44.7776],[7.55682,44.78836],[7.55414,44.79525],[7.55736,44.79666],[7.56245,44.79803],[7.56473,44.799],[7.56689,44.80256],[7.56438,44.80767],[7.5616,44.80866],[7.5602,44.80973],[7.55972,44.81077],[7.56236,44.81274],[7.56478,44.81187],[7.56574,44.8114]]]]}},{"type":"Feature","properties":{"tipo":"comune","nome":"Polonghera","istat":"004171","diocesi":"Torino","lp":[44.7908,7.59564]},"geometry":{"type":"Polygon","coordinates":[[[7.59671,44.80989],[7.59758,44.8103],[7.59841,44.80994],[7.60438,44.80834],[7.60879,44.80781],[7.62045,44.80234],[7.62154,44.79561],[7.62156,44.79462],[7.61819,44.79429],[7.61732,44.79263],[7.61842,44.78885],[7.61926,44.78673],[7.61932,44.7836],[7.61492,44.78396],[7.60038,44.78036],[7.59161,44.78018],[7.5865,44.77912],[7.57997,44.77363],[7.58174,44.76875],[7.5816,44.76711],[7.57878,44.7659],[7.57703,44.76556],[7.5703,44.77137],[7.5697,44.77596],[7.57221,44.78181],[7.57744,44.79129],[7.58142,44.79785],[7.58617,44.80057],[7.59025,44.80603],[7.59152,44.80829],[7.59671,44.80989]]]}},{"type":"Feature","properties":{"tipo":"comune","nome":"Moretta","istat":"004143","diocesi":"Torino","lp":[44.76524,7.53829]},"geometry":{"type":"Polygon","coordinates":[[[7.50262,44.76683],[7.50796,44.77081],[7.50938,44.77555],[7.50799,44.77695],[7.51383,44.78274],[7.51466,44.78321],[7.52042,44.78416],[7.52178,44.78393],[7.52454,44.7821],[7.53065,44.78176],[7.53327,44.78504],[7.53291,44.78986],[7.53445,44.79391],[7.54401,44.79648],[7.54936,44.79646],[7.55414,44.79525],[7.55682,44.78836],[7.55804,44.7776],[7.55936,44.7742],[7.56115,44.77298],[7.56642,44.77232],[7.5703,44.77137],[7.57703,44.76556],[7.57784,44.76316],[7.57683,44.75985],[7.56814,44.75173],[7.5562,44.74658],[7.54781,44.74257],[7.53771,44.73615],[7.53751,44.73436],[7.53391,44.73644],[7.52873,44.74236],[7.52642,44.74266],[7.51633,44.7462],[7.51129,44.74962],[7.50331,44.75532],[7.5001,44.75838],[7.50303,44.7608],[7.50354,44.76165],[7.49986,44.767],[7.49931,44.76811],[7.50262,44.76683]]]}},{"type":"Feature","properties":{"tipo":"comune","nome":"Murello","istat":"004146","diocesi":"Torino","lp":[44.75551,7.60486]},"geometry":{"type":"Polygon","coordinates":[[[7.62276,44.75451],[7.6231,44.7512],[7.62528,44.74522],[7.62602,44.73811],[7.62601,44.73412],[7.62396,44.72899],[7.61748,44.72755],[7.61827,44.72615],[7.6139,44.72268],[7.61255,44.72227],[7.60864,44.72448],[7.60477,44.72947],[7.60249,44.7307],[7.60117,44.73052],[7.59938,44.72947],[7.59599,44.73247],[7.59062,44.73842],[7.58921,44.74143],[7.58829,44.74578],[7.58838,44.74879],[7.58478,44.75584],[7.57849,44.76224],[7.57784,44.76316],[7.57703,44.76556],[7.57878,44.7659],[7.5816,44.76711],[7.58174,44.76875],[7.57997,44.77363],[7.5865,44.77912],[7.59161,44.78018],[7.60038,44.78036],[7.61492,44.78396],[7.61932,44.7836],[7.62352,44.75806],[7.62276,44.75451]]]}},{"type":"Feature","properties":{"tipo":"comune","nome":"Racconigi","istat":"004179","diocesi":"Torino","lp":[44.77627,7.67303]},"geometry":{"type":"Polygon","coordinates":[[[7.66079,44.81934],[7.66755,44.82056],[7.66778,44.8198],[7.6732,44.81487],[7.67706,44.81289],[7.68092,44.81141],[7.68477,44.81023],[7.69009,44.81205],[7.7004,44.81376],[7.70312,44.81411],[7.70466,44.81169],[7.70632,44.7985],[7.7045,44.79382],[7.70029,44.78681],[7.69981,44.78578],[7.70136,44.77409],[7.71171,44.76852],[7.71626,44.76656],[7.72117,44.76533],[7.72217,44.7644],[7.72227,44.76238],[7.72153,44.76043],[7.72003,44.75783],[7.72029,44.75105],[7.72422,44.74577],[7.72501,44.74194],[7.72606,44.73667],[7.69617,44.73569],[7.69252,44.73677],[7.6927,44.73892],[7.69089,44.74107],[7.68687,44.74135],[7.68538,44.74111],[7.68434,44.743],[7.6821,44.74571],[7.67983,44.74708],[7.67165,44.74996],[7.66689,44.75089],[7.64577,44.75102],[7.64052,44.75179],[7.62921,44.75618],[7.62352,44.75806],[7.61932,44.7836],[7.61926,44.78673],[7.62323,44.78754],[7.62948,44.78923],[7.63514,44.78645],[7.6364,44.78406],[7.64073,44.78359],[7.6429,44.78426],[7.64329,44.78882],[7.64283,44.79567],[7.64477,44.7986],[7.64648,44.79956],[7.64452,44.80452],[7.6421,44.80649],[7.63966,44.80621],[7.63927,44.80864],[7.64178,44.81333],[7.64877,44.81774],[7.65136,44.81891],[7.65709,44.8164],[7.66079,44.81934]]]}},{"type":"Feature","properties":{"tipo":"comune","nome":"Caramagna Piemonte","istat":"004041","diocesi":"Torino","lp":[44.78571,7.73049]},"geometry":{"type":"Polygon","coordinates":[[[7.70632,44.81736],[7.71166,44.81719],[7.71347,44.81657],[7.7215,44.81289],[7.73001,44.81335],[7.73317,44.81407],[7.73987,44.81482],[7.74897,44.81558],[7.7501,44.81406],[7.75192,44.81228],[7.75562,44.81219],[7.75779,44.80803],[7.75907,44.79901],[7.7599,44.79747],[7.75947,44.79065],[7.75746,44.78849],[7.75479,44.78712],[7.75411,44.78322],[7.75598,44.7798],[7.75768,44.77754],[7.75792,44.77454],[7.75609,44.77187],[7.74714,44.7618],[7.73598,44.75037],[7.73176,44.74365],[7.72889,44.74148],[7.72501,44.74194],[7.72422,44.74577],[7.72029,44.75105],[7.72003,44.75783],[7.72153,44.76043],[7.72227,44.76238],[7.72217,44.7644],[7.72117,44.76533],[7.71626,44.76656],[7.71171,44.76852],[7.70136,44.77409],[7.69981,44.78578],[7.70029,44.78681],[7.7045,44.79382],[7.70632,44.7985],[7.70466,44.81169],[7.70312,44.81411],[7.70632,44.81736]]]}},{"type":"Feature","properties":{"tipo":"comune","nome":"Sommariva del Bosco","istat":"004222","diocesi":"Torino","lp":[44.77357,7.78112]},"geometry":{"type":"Polygon","coordinates":[[[7.75412,44.81559],[7.76056,44.81543],[7.76619,44.81545],[7.76758,44.81354],[7.77695,44.80496],[7.78621,44.79975],[7.79579,44.79943],[7.80692,44.79713],[7.81837,44.79408],[7.82536,44.79031],[7.82859,44.7883],[7.83351,44.78619],[7.83992,44.7852],[7.8362,44.78081],[7.83691,44.77825],[7.83903,44.76803],[7.83894,44.76665],[7.83705,44.76215],[7.83434,44.76355],[7.82395,44.76443],[7.82021,44.76433],[7.81406,44.7644],[7.8117,44.76575],[7.80949,44.76909],[7.8053,44.77023],[7.79566,44.76733],[7.79107,44.76492],[7.78866,44.76295],[7.79046,44.76048],[7.79295,44.75751],[7.78929,44.75563],[7.78423,44.75446],[7.7813,44.75417],[7.77329,44.75086],[7.76638,44.74358],[7.76497,44.73834],[7.75175,44.7308],[7.73631,44.73686],[7.72992,44.73699],[7.72606,44.73667],[7.72501,44.74194],[7.72889,44.74148],[7.73176,44.74365],[7.73598,44.75037],[7.74714,44.7618],[7.75609,44.77187],[7.75792,44.77454],[7.75768,44.77754],[7.75598,44.7798],[7.75411,44.78322],[7.75479,44.78712],[7.75746,44.78849],[7.75947,44.79065],[7.7599,44.79747],[7.75907,44.79901],[7.75779,44.80803],[7.75562,44.81219],[7.75192,44.81228],[7.7501,44.81406],[7.74897,44.81558],[7.75412,44.81559]]]}},{"type":"Feature","properties":{"tipo":"comune","nome":"Sanfrè","istat":"004208","diocesi":"Torino","lp":[44.74968,7.80662]},"geometry":{"type":"Polygon","coordinates":[[[7.83925,44.73502],[7.83457,44.73745],[7.83227,44.73895],[7.82816,44.74216],[7.82656,44.7436],[7.82209,44.74591],[7.81978,44.7464],[7.8104,44.74754],[7.8005,44.74533],[7.77986,44.73988],[7.77417,44.73311],[7.76822,44.72713],[7.76569,44.72396],[7.75175,44.7308],[7.76497,44.73834],[7.76638,44.74358],[7.77329,44.75086],[7.7813,44.75417],[7.78423,44.75446],[7.78929,44.75563],[7.79295,44.75751],[7.79046,44.76048],[7.78866,44.76295],[7.79107,44.76492],[7.79566,44.76733],[7.8053,44.77023],[7.80949,44.76909],[7.8117,44.76575],[7.81406,44.7644],[7.82021,44.76433],[7.82395,44.76443],[7.83434,44.76355],[7.83705,44.76215],[7.84299,44.75682],[7.84206,44.75526],[7.84663,44.7536],[7.84941,44.75047],[7.84783,44.73619],[7.84709,44.73469],[7.84564,44.73395],[7.84302,44.73407],[7.83925,44.73502]]]}},{"type":"Feature","properties":{"tipo":"comune","nome":"Bra","istat":"004029","diocesi":"Torino","lp":[44.70706,7.825]},"geometry":{"type":"Polygon","coordinates":[[[7.84669,44.73276],[7.8587,44.72605],[7.86046,44.72492],[7.86588,44.71793],[7.86923,44.7103],[7.87482,44.70327],[7.8767,44.70165],[7.88159,44.69846],[7.88285,44.69787],[7.90128,44.69504],[7.91069,44.69439],[7.91486,44.68567],[7.91412,44.68562],[7.91128,44.68314],[7.90378,44.6826],[7.902,44.68296],[7.89909,44.68216],[7.89548,44.68],[7.89441,44.67962],[7.89262,44.67823],[7.88996,44.67551],[7.88855,44.67128],[7.88989,44.66992],[7.89019,44.66817],[7.8895,44.66624],[7.88209,44.66823],[7.87911,44.66929],[7.86708,44.67652],[7.86133,44.68038],[7.85904,44.6803],[7.84574,44.67893],[7.83333,44.68192],[7.81563,44.68595],[7.80871,44.68629],[7.79298,44.68473],[7.78384,44.68228],[7.78254,44.68109],[7.78067,44.6801],[7.77154,44.68463],[7.76993,44.68574],[7.76907,44.69128],[7.75789,44.69431],[7.75626,44.69454],[7.75834,44.69936],[7.76132,44.70666],[7.76176,44.71052],[7.76186,44.71326],[7.76142,44.7149],[7.75966,44.71886],[7.75975,44.72061],[7.76569,44.72396],[7.76822,44.72713],[7.77417,44.73311],[7.77986,44.73988],[7.8005,44.74533],[7.8104,44.74754],[7.81978,44.7464],[7.82209,44.74591],[7.82656,44.7436],[7.82816,44.74216],[7.83227,44.73895],[7.83457,44.73745],[7.83925,44.73502],[7.84302,44.73407],[7.84669,44.73276]]]}},{"type":"Feature","properties":{"tipo":"comune","nome":"Cavallerleone","istat":"004058","diocesi":"Torino","lp":[44.73513,7.64899]},"geometry":{"type":"Polygon","coordinates":[[[7.68494,44.73939],[7.67969,44.73147],[7.67789,44.72905],[7.67554,44.72722],[7.66489,44.72345],[7.65545,44.7197],[7.64798,44.71548],[7.64431,44.713],[7.63767,44.71348],[7.62985,44.71584],[7.62443,44.71559],[7.61827,44.72615],[7.61748,44.72755],[7.62396,44.72899],[7.62601,44.73412],[7.62602,44.73811],[7.62528,44.74522],[7.6231,44.7512],[7.62276,44.75451],[7.62352,44.75806],[7.62921,44.75618],[7.64052,44.75179],[7.64577,44.75102],[7.66689,44.75089],[7.67165,44.74996],[7.67983,44.74708],[7.6821,44.74571],[7.68434,44.743],[7.68538,44.74111],[7.68494,44.73939]]]}},{"type":"Feature","properties":{"tipo":"comune","nome":"Cavallermaggiore","istat":"004059","diocesi":"Torino","lp":[44.70826,7.69873]},"geometry":{"type":"Polygon","coordinates":[[[7.75975,44.72061],[7.75966,44.71886],[7.76142,44.7149],[7.76186,44.71326],[7.76176,44.71052],[7.76132,44.70666],[7.75834,44.69936],[7.75626,44.69454],[7.7558,44.69124],[7.75216,44.69108],[7.74786,44.69064],[7.73622,44.68884],[7.73303,44.68813],[7.72301,44.68553],[7.71954,44.6845],[7.71727,44.68361],[7.71754,44.68296],[7.71625,44.6812],[7.71262,44.68007],[7.70619,44.67888],[7.69683,44.67751],[7.69629,44.67855],[7.69197,44.68175],[7.68081,44.68256],[7.67932,44.68232],[7.66674,44.68444],[7.66612,44.68592],[7.66188,44.68764],[7.65672,44.68873],[7.65303,44.68851],[7.64478,44.68747],[7.63696,44.68882],[7.63395,44.68763],[7.63152,44.69209],[7.62752,44.69689],[7.62464,44.69908],[7.62185,44.70256],[7.62185,44.70343],[7.62351,44.70683],[7.62443,44.71559],[7.62985,44.71584],[7.63767,44.71348],[7.64431,44.713],[7.64798,44.71548],[7.65545,44.7197],[7.66489,44.72345],[7.67554,44.72722],[7.67789,44.72905],[7.67969,44.73147],[7.68494,44.73939],[7.68538,44.74111],[7.68687,44.74135],[7.69089,44.74107],[7.6927,44.73892],[7.69252,44.73677],[7.69617,44.73569],[7.72606,44.73667],[7.72992,44.73699],[7.73631,44.73686],[7.75175,44.7308],[7.76569,44.72396],[7.75975,44.72061]]]}},{"type":"Feature","properties":{"tipo":"comune","nome":"Marene","istat":"004117","diocesi":"Torino","lp":[44.65802,7.7325]},"geometry":{"type":"Polygon","coordinates":[[[7.70619,44.67888],[7.71262,44.68007],[7.71625,44.6812],[7.71754,44.68296],[7.71727,44.68361],[7.71954,44.6845],[7.72301,44.68553],[7.73303,44.68813],[7.73622,44.68884],[7.74786,44.69064],[7.75216,44.69108],[7.7558,44.69124],[7.75744,44.68683],[7.76049,44.67744],[7.76053,44.67269],[7.76108,44.66789],[7.76441,44.66557],[7.76704,44.66281],[7.76739,44.66214],[7.76693,44.6584],[7.76137,44.65321],[7.75798,44.64761],[7.7569,44.64392],[7.75536,44.64116],[7.75292,44.63759],[7.74988,44.63371],[7.7493,44.63121],[7.74963,44.62879],[7.74318,44.62681],[7.74182,44.62655],[7.73737,44.62631],[7.72915,44.62557],[7.71903,44.62349],[7.71778,44.62276],[7.71696,44.6208],[7.71204,44.62035],[7.70893,44.62067],[7.71003,44.6258],[7.71212,44.63072],[7.71363,44.63541],[7.7108,44.63914],[7.70731,44.64168],[7.70586,44.64181],[7.70484,44.64514],[7.70268,44.65954],[7.70065,44.67072],[7.69879,44.67494],[7.69683,44.67751],[7.70619,44.67888]]]}},{"type":"Feature","properties":{"tipo":"comune","nome":"Savigliano","istat":"004215","diocesi":"Torino","lp":[44.62134,7.63683]},"geometry":{"type":"Polygon","coordinates":[[[7.63696,44.68882],[7.64478,44.68747],[7.65303,44.68851],[7.65672,44.68873],[7.66188,44.68764],[7.66612,44.68592],[7.66674,44.68444],[7.67932,44.68232],[7.68081,44.68256],[7.69197,44.68175],[7.69629,44.67855],[7.69683,44.67751],[7.69879,44.67494],[7.70065,44.67072],[7.70268,44.65954],[7.70484,44.64514],[7.70586,44.64181],[7.70731,44.64168],[7.7108,44.63914],[7.71363,44.63541],[7.71212,44.63072],[7.71003,44.6258],[7.70893,44.62067],[7.71204,44.62035],[7.71217,44.61215],[7.70271,44.60582],[7.69263,44.60305],[7.68767,44.60201],[7.67536,44.60234],[7.65677,44.60481],[7.6528,44.60585],[7.64959,44.60212],[7.64761,44.59909],[7.6469,44.59634],[7.63929,44.5845],[7.63392,44.58102],[7.63763,44.57677],[7.64295,44.57665],[7.64505,44.57222],[7.64302,44.56831],[7.64173,44.56485],[7.64011,44.55711],[7.63887,44.55386],[7.63569,44.5516],[7.63078,44.55016],[7.63071,44.55049],[7.61329,44.54386],[7.61296,44.54109],[7.60846,44.53934],[7.6065,44.53875],[7.59337,44.53707],[7.58927,44.53703],[7.58472,44.53975],[7.58295,44.54152],[7.58031,44.54374],[7.58448,44.54597],[7.59204,44.55622],[7.59427,44.56015],[7.59517,44.56256],[7.59615,44.56709],[7.59673,44.56826],[7.60202,44.5738],[7.58816,44.57948],[7.58234,44.58392],[7.57594,44.58838],[7.56574,44.59114],[7.55986,44.59372],[7.55853,44.59952],[7.56175,44.60363],[7.56783,44.60943],[7.58016,44.62361],[7.58203,44.62716],[7.58566,44.63458],[7.58624,44.63706],[7.58623,44.64442],[7.58299,44.64807],[7.58008,44.65105],[7.5801,44.65368],[7.59155,44.65829],[7.60151,44.66014],[7.61407,44.66358],[7.61732,44.66515],[7.62901,44.67034],[7.63794,44.67215],[7.63878,44.6742],[7.63878,44.67692],[7.63438,44.68775],[7.63395,44.68763],[7.63696,44.68882]]]}},{"type":"Feature","properties":{"tipo":"comune","nome":"Bardonecchia","istat":"001022","diocesi":"Susa","lp":[45.10081,6.73118]},"geometry":{"type":"Polygon","coordinates":[[[6.85318,45.12305],[6.85174,45.11621],[6.84834,45.11377],[6.84587,45.11389],[6.84484,45.11359],[6.82836,45.10569],[6.81813,45.09999],[6.81042,45.09366],[6.80791,45.09234],[6.79761,45.08788],[6.79318,45.08712],[6.78983,45.08697],[6.78448,45.08721],[6.77376,45.0814],[6.76054,45.07485],[6.7555,45.07378],[6.7476,45.0712],[6.74536,45.07026],[6.73694,45.06386],[6.73568,45.06272],[6.73463,45.06117],[6.72728,45.06207],[6.72636,45.06283],[6.72303,45.06149],[6.71232,45.0558],[6.70842,45.05138],[6.70791,45.05034],[6.70747,45.04691],[6.70799,45.04571],[6.70353,45.02951],[6.70345,45.0289],[6.70507,45.02579],[6.70762,45.0214],[6.70411,45.02107],[6.69412,45.02043],[6.67942,45.02029],[6.67142,45.02351],[6.66543,45.03162],[6.66454,45.03405],[6.66439,45.03614],[6.66577,45.03976],[6.66731,45.04079],[6.66495,45.04836],[6.66092,45.05321],[6.66369,45.05895],[6.66262,45.0695],[6.66226,45.07138],[6.66152,45.07168],[6.6557,45.07154],[6.65418,45.07169],[6.64617,45.07502],[6.64567,45.0767],[6.64643,45.08189],[6.64094,45.08903],[6.63557,45.09419],[6.62726,45.10177],[6.62662,45.1043],[6.62736,45.10584],[6.63339,45.11481],[6.63478,45.11579],[6.6362,45.11608],[6.64182,45.11618],[6.64479,45.11571],[6.65197,45.11727],[6.66507,45.12207],[6.67194,45.12421],[6.67409,45.13099],[6.6766,45.13573],[6.68021,45.14041],[6.6867,45.14005],[6.69923,45.14204],[6.70193,45.143],[6.71203,45.14477],[6.71589,45.14372],[6.72021,45.1414],[6.72753,45.13871],[6.7402,45.13697],[6.74434,45.13842],[6.75099,45.14324],[6.75241,45.1456],[6.75603,45.15076],[6.76801,45.15959],[6.76916,45.15984],[6.77801,45.15823],[6.79933,45.15133],[6.80919,45.14876],[6.81523,45.1469],[6.82284,45.1441],[6.83988,45.13568],[6.84471,45.1307],[6.84653,45.12816],[6.84832,45.12731],[6.8504,45.12745],[6.8523,45.12799],[6.85318,45.12305]]]}},{"type":"Feature","properties":{"tipo":"comune","nome":"Chiomonte","istat":"001080","diocesi":"Susa","lp":[45.10224,6.98591]},"geometry":{"type":"Polygon","coordinates":[[[7.00642,45.13094],[7.0069,45.12894],[7.00511,45.12364],[7.00744,45.11205],[7.01019,45.10241],[7.01608,45.08479],[7.01967,45.07837],[7.02015,45.07663],[7.01559,45.07507],[7.00656,45.07253],[6.99357,45.06973],[6.98889,45.06962],[6.98241,45.06978],[6.98151,45.06996],[6.97778,45.0716],[6.97582,45.07204],[6.97403,45.07196],[6.97075,45.0707],[6.96967,45.07204],[6.96445,45.08059],[6.96397,45.08669],[6.96423,45.08962],[6.96536,45.09177],[6.96577,45.09394],[6.96219,45.10251],[6.96038,45.11069],[6.95961,45.11508],[6.95579,45.124],[6.95147,45.12637],[6.94827,45.12857],[6.94703,45.13104],[6.94839,45.13243],[6.95174,45.13118],[6.95376,45.13107],[6.96927,45.133],[6.97997,45.13359],[6.99014,45.13357],[6.99842,45.13178],[7.0045,45.13322],[7.00642,45.13094]]]}},{"type":"Feature","properties":{"tipo":"comune","nome":"Exilles","istat":"001100","diocesi":"Susa","lp":[45.10628,6.91884]},"geometry":{"type":"Polygon","coordinates":[[[6.85174,45.11621],[6.85318,45.12305],[6.8523,45.12799],[6.86988,45.13416],[6.88107,45.13578],[6.89133,45.13697],[6.89449,45.13747],[6.89723,45.14023],[6.89792,45.14135],[6.90176,45.14215],[6.91265,45.1424],[6.92374,45.13628],[6.92646,45.13513],[6.92864,45.13469],[6.93263,45.13466],[6.93376,45.13508],[6.93994,45.13449],[6.94839,45.13243],[6.94703,45.13104],[6.94827,45.12857],[6.95147,45.12637],[6.95579,45.124],[6.95961,45.11508],[6.96038,45.11069],[6.96219,45.10251],[6.96577,45.09394],[6.96536,45.09177],[6.96423,45.08962],[6.96397,45.08669],[6.96445,45.08059],[6.96967,45.07204],[6.97075,45.0707],[6.9679,45.06968],[6.96226,45.07039],[6.95603,45.06967],[6.95185,45.06584],[6.95075,45.0646],[6.94837,45.06282],[6.93931,45.06136],[6.93507,45.0603],[6.92656,45.06504],[6.92279,45.06817],[6.91031,45.07929],[6.90786,45.0826],[6.90885,45.0913],[6.89762,45.1001],[6.89597,45.10181],[6.89155,45.10534],[6.89004,45.10634],[6.88658,45.10763],[6.87421,45.1094],[6.86517,45.11027],[6.85263,45.10781],[6.84862,45.10952],[6.84834,45.11377],[6.85174,45.11621]]]}},{"type":"Feature","properties":{"tipo":"comune","nome":"Oulx","istat":"001175","diocesi":"Susa","lp":[45.04446,6.79853]},"geometry":{"type":"Polygon","coordinates":[[[6.70507,45.02579],[6.70345,45.0289],[6.70353,45.02951],[6.70799,45.04571],[6.70747,45.04691],[6.70791,45.05034],[6.70842,45.05138],[6.71232,45.0558],[6.72303,45.06149],[6.72636,45.06283],[6.72728,45.06207],[6.73463,45.06117],[6.73568,45.06272],[6.73694,45.06386],[6.74536,45.07026],[6.7476,45.0712],[6.7555,45.07378],[6.76054,45.07485],[6.77376,45.0814],[6.78448,45.08721],[6.78983,45.08697],[6.79318,45.08712],[6.79761,45.08788],[6.80791,45.09234],[6.81042,45.09366],[6.81813,45.09999],[6.82836,45.10569],[6.84484,45.11359],[6.84587,45.11389],[6.84834,45.11377],[6.84862,45.10952],[6.84353,45.10545],[6.84132,45.09555],[6.83853,45.08262],[6.83888,45.07736],[6.83858,45.06865],[6.84221,45.06412],[6.8475,45.058],[6.85102,45.05418],[6.85392,45.05125],[6.85424,45.05125],[6.86579,45.05452],[6.87132,45.05893],[6.87887,45.05664],[6.88437,45.05307],[6.91049,45.04066],[6.91266,45.03973],[6.91769,45.03842],[6.91335,45.03697],[6.90534,45.03322],[6.90342,45.03202],[6.89984,45.02613],[6.89096,45.03217],[6.88537,45.03811],[6.88461,45.03945],[6.88376,45.03987],[6.88221,45.03974],[6.87579,45.03864],[6.86957,45.03647],[6.85932,45.034],[6.8564,45.03566],[6.84552,45.03572],[6.84449,45.03155],[6.84196,45.0245],[6.83847,45.01671],[6.83774,45.01535],[6.83756,45.01323],[6.83902,45.0111],[6.84672,45.00565],[6.85282,45.0019],[6.85581,45.00032],[6.86173,44.99796],[6.8664,44.9959],[6.87101,44.9933],[6.86758,44.98817],[6.85656,44.98723],[6.85078,44.98728],[6.84346,44.98761],[6.8401,44.98919],[6.83662,44.99135],[6.83417,44.99308],[6.8271,44.99693],[6.81348,45.00276],[6.80613,45.00164],[6.80405,45.00263],[6.80158,45.00577],[6.80026,45.01105],[6.79379,45.01448],[6.79066,45.01212],[6.78001,45.00766],[6.77313,45.00644],[6.7661,45.0059],[6.75984,45.00864],[6.75713,45.00866],[6.74775,45.00686],[6.74686,45.00815],[6.74536,45.01132],[6.74587,45.01291],[6.74026,45.0168],[6.72602,45.02168],[6.72459,45.02198],[6.72148,45.02188],[6.71872,45.02087],[6.71471,45.02042],[6.70762,45.0214],[6.70507,45.02579]]]}},{"type":"Feature","properties":{"tipo":"comune","nome":"Salbertrand","istat":"001232","diocesi":"Susa","lp":[45.07506,6.88273]},"geometry":{"type":"Polygon","coordinates":[[[6.85263,45.10781],[6.86517,45.11027],[6.87421,45.1094],[6.88658,45.10763],[6.89004,45.10634],[6.89155,45.10534],[6.89597,45.10181],[6.89762,45.1001],[6.90885,45.0913],[6.90786,45.0826],[6.91031,45.07929],[6.92279,45.06817],[6.92656,45.06504],[6.93507,45.0603],[6.93662,45.05657],[6.93633,45.05008],[6.9306,45.04414],[6.92439,45.0374],[6.91896,45.03799],[6.91769,45.03842],[6.91266,45.03973],[6.91049,45.04066],[6.88437,45.05307],[6.87887,45.05664],[6.87132,45.05893],[6.86579,45.05452],[6.85424,45.05125],[6.85392,45.05125],[6.85102,45.05418],[6.8475,45.058],[6.84221,45.06412],[6.83858,45.06865],[6.83888,45.07736],[6.83853,45.08262],[6.84132,45.09555],[6.84353,45.10545],[6.84862,45.10952],[6.85263,45.10781]]]}},{"type":"Feature","properties":{"tipo":"comune","nome":"Sauze d'Oulx","istat":"001259","diocesi":"Susa","lp":[45.01782,6.86979]},"geometry":{"type":"Polygon","coordinates":[[[6.89898,45.0234],[6.899,45.0224],[6.90085,45.01992],[6.90174,45.01916],[6.89668,45.00715],[6.89389,45.00624],[6.88996,45.00415],[6.87673,44.99644],[6.87101,44.9933],[6.8664,44.9959],[6.86173,44.99796],[6.85581,45.00032],[6.85282,45.0019],[6.84672,45.00565],[6.83902,45.0111],[6.83756,45.01323],[6.83774,45.01535],[6.83847,45.01671],[6.84196,45.0245],[6.84449,45.03155],[6.84552,45.03572],[6.8564,45.03566],[6.85932,45.034],[6.86957,45.03647],[6.87579,45.03864],[6.88221,45.03974],[6.88376,45.03987],[6.88461,45.03945],[6.88537,45.03811],[6.89096,45.03217],[6.89984,45.02613],[6.89898,45.0234]]]}},{"type":"Feature","properties":{"tipo":"comune","nome":"Cesana Torinese","istat":"001074","diocesi":"Susa","lp":[44.92763,6.82037]},"geometry":{"type":"Polygon","coordinates":[[[6.86697,44.98432],[6.8557,44.97416],[6.85429,44.97109],[6.85505,44.96889],[6.84493,44.96151],[6.83962,44.95816],[6.83813,44.95775],[6.83476,44.95237],[6.83423,44.95087],[6.83315,44.94343],[6.82954,44.94273],[6.82477,44.94082],[6.8236,44.94012],[6.83064,44.92953],[6.83072,44.92715],[6.83232,44.92638],[6.83982,44.92381],[6.84147,44.92334],[6.84611,44.92289],[6.84973,44.92325],[6.85166,44.92375],[6.85695,44.92131],[6.86244,44.91495],[6.8637,44.9108],[6.86319,44.90798],[6.86403,44.90348],[6.86581,44.90145],[6.87789,44.89232],[6.89444,44.88075],[6.90579,44.87579],[6.91796,44.86886],[6.92309,44.86706],[6.92784,44.86577],[6.93134,44.8646],[6.93151,44.86344],[6.92626,44.85788],[6.92545,44.85493],[6.92085,44.85026],[6.91284,44.84486],[6.90747,44.8439],[6.90618,44.84462],[6.905,44.84612],[6.88085,44.84931],[6.87109,44.84996],[6.84231,44.85965],[6.83289,44.86475],[6.82056,44.87093],[6.81567,44.87298],[6.8083,44.87624],[6.80368,44.87897],[6.80176,44.88041],[6.80068,44.8816],[6.79975,44.88464],[6.79965,44.88645],[6.79148,44.88951],[6.78606,44.88878],[6.78117,44.89293],[6.77885,44.89658],[6.76778,44.90247],[6.76525,44.90219],[6.76005,44.90285],[6.752,44.90562],[6.75084,44.90617],[6.75,44.90749],[6.7508,44.91434],[6.75558,44.91336],[6.7592,44.91378],[6.76109,44.91498],[6.76563,44.91853],[6.76337,44.92545],[6.76222,44.93112],[6.75999,44.93379],[6.7591,44.93535],[6.75853,44.93756],[6.76137,44.94237],[6.7614,44.94511],[6.75782,44.94821],[6.76506,44.95907],[6.76555,44.96161],[6.76364,44.97145],[6.76255,44.97236],[6.75849,44.97379],[6.75697,44.97452],[6.75146,44.97769],[6.75034,44.9785],[6.74937,44.98219],[6.7395,44.98967],[6.74645,44.99529],[6.74978,44.99584],[6.75064,44.99624],[6.75143,44.99798],[6.74927,45.0044],[6.74775,45.00686],[6.75713,45.00866],[6.75984,45.00864],[6.7661,45.0059],[6.77313,45.00644],[6.78001,45.00766],[6.79066,45.01212],[6.79379,45.01448],[6.80026,45.01105],[6.80158,45.00577],[6.80405,45.00263],[6.80613,45.00164],[6.81348,45.00276],[6.8271,44.99693],[6.83417,44.99308],[6.83662,44.99135],[6.8401,44.98919],[6.84346,44.98761],[6.85078,44.98728],[6.85656,44.98723],[6.86758,44.98817],[6.86697,44.98432]]]}},{"type":"Feature","properties":{"tipo":"comune","nome":"Claviere","istat":"001087","diocesi":"Susa","lp":[44.92775,6.75652]},"geometry":{"type":"MultiPolygon","coordinates":[[[[6.74874,44.92157],[6.75291,44.92672],[6.75896,44.932],[6.75999,44.93379],[6.76222,44.93112],[6.76337,44.92545],[6.76563,44.91853],[6.76109,44.91498],[6.7592,44.91378],[6.75558,44.91336],[6.7508,44.91434],[6.74874,44.92157]]],[[[6.75845,44.93642],[6.75574,44.93774],[6.75319,44.93843],[6.7513,44.93787],[6.74844,44.93618],[6.74462,44.93524],[6.74308,44.9357],[6.74757,44.93928],[6.75292,44.94299],[6.75782,44.94821],[6.7614,44.94511],[6.76137,44.94237],[6.75853,44.93756],[6.7591,44.93535],[6.75845,44.93642]]]]}},{"type":"Feature","properties":{"tipo":"comune","nome":"Sauze di Cesana","istat":"001258","diocesi":"Susa","lp":[44.89754,6.92628]},"geometry":{"type":"Polygon","coordinates":[[[6.93134,44.8646],[6.92784,44.86577],[6.92309,44.86706],[6.91796,44.86886],[6.90579,44.87579],[6.89444,44.88075],[6.87789,44.89232],[6.86581,44.90145],[6.86403,44.90348],[6.86319,44.90798],[6.8637,44.9108],[6.86244,44.91495],[6.85695,44.92131],[6.85166,44.92375],[6.84973,44.92325],[6.84611,44.92289],[6.84147,44.92334],[6.83982,44.92381],[6.83232,44.92638],[6.83072,44.92715],[6.83064,44.92953],[6.8236,44.94012],[6.82477,44.94082],[6.82954,44.94273],[6.83315,44.94343],[6.83411,44.94238],[6.8396,44.94109],[6.84544,44.94132],[6.855,44.94508],[6.86196,44.94877],[6.87471,44.94854],[6.89342,44.94359],[6.9053,44.93669],[6.91133,44.93429],[6.92335,44.93211],[6.92703,44.93281],[6.93073,44.93426],[6.94447,44.92487],[6.94537,44.91674],[6.94486,44.91376],[6.94605,44.91016],[6.95018,44.90642],[6.95205,44.90545],[6.96999,44.90102],[6.97697,44.89992],[6.98804,44.89837],[6.99609,44.89102],[6.99732,44.88827],[6.99966,44.88633],[7.00424,44.88359],[7.01177,44.8828],[7.01295,44.8782],[7.01177,44.87109],[7.00753,44.86343],[7.00574,44.86232],[7.00229,44.8568],[7.00443,44.85415],[7.00738,44.85228],[7.00508,44.84723],[7.00289,44.84429],[7.0012,44.84244],[6.99818,44.84221],[6.99236,44.84297],[6.97651,44.84643],[6.96339,44.85011],[6.9559,44.85433],[6.94522,44.85843],[6.93901,44.86028],[6.93151,44.86344],[6.93134,44.8646]]]}},{"type":"Feature","properties":{"tipo":"comune","nome":"Sestriere","istat":"001263","diocesi":"Susa","lp":[44.96002,6.88393]},"geometry":{"type":"Polygon","coordinates":[[[6.83423,44.95087],[6.83476,44.95237],[6.83813,44.95775],[6.83962,44.95816],[6.84493,44.96151],[6.85505,44.96889],[6.85429,44.97109],[6.8557,44.97416],[6.86697,44.98432],[6.86758,44.98817],[6.87101,44.9933],[6.87267,44.99179],[6.88913,44.98379],[6.89421,44.98141],[6.90438,44.97991],[6.91031,44.98067],[6.9125,44.97653],[6.91412,44.96733],[6.91443,44.96042],[6.91715,44.95656],[6.92256,44.95364],[6.92655,44.94457],[6.92896,44.94101],[6.93069,44.93554],[6.93073,44.93426],[6.92703,44.93281],[6.92335,44.93211],[6.91133,44.93429],[6.9053,44.93669],[6.89342,44.94359],[6.87471,44.94854],[6.86196,44.94877],[6.855,44.94508],[6.84544,44.94132],[6.8396,44.94109],[6.83411,44.94238],[6.83315,44.94343],[6.83423,44.95087]]]}},{"type":"Feature","properties":{"tipo":"comune","nome":"Susa","istat":"001270","diocesi":"Susa","lp":[45.13503,7.07711]},"geometry":{"type":"Polygon","coordinates":[[[7.10805,45.14197],[7.11191,45.14068],[7.11093,45.13562],[7.12415,45.13281],[7.1269,45.13311],[7.12622,45.13074],[7.12492,45.12931],[7.12223,45.12801],[7.11587,45.1278],[7.10073,45.12586],[7.09704,45.12469],[7.09154,45.12412],[7.08811,45.12412],[7.08997,45.12674],[7.09073,45.12737],[7.0905,45.12877],[7.08882,45.1302],[7.08583,45.13025],[7.07925,45.12917],[7.07509,45.12826],[7.06905,45.12651],[7.06645,45.12596],[7.05558,45.12715],[7.0534,45.12804],[7.05126,45.12862],[7.03931,45.13037],[7.03124,45.13628],[7.03691,45.13975],[7.03818,45.14299],[7.03649,45.14371],[7.03441,45.14387],[7.03516,45.14524],[7.04317,45.14521],[7.05559,45.14411],[7.06048,45.14264],[7.06258,45.14045],[7.06604,45.14037],[7.07225,45.1414],[7.07539,45.14206],[7.08992,45.1435],[7.09878,45.1442],[7.10805,45.14197]]]}},{"type":"Feature","properties":{"tipo":"comune","nome":"Gravere","istat":"001117","diocesi":"Susa","lp":[45.1073,7.02905]},"geometry":{"type":"Polygon","coordinates":[[[7.01967,45.07837],[7.01608,45.08479],[7.01019,45.10241],[7.00744,45.11205],[7.00511,45.12364],[7.0069,45.12894],[7.00642,45.13094],[7.0045,45.13322],[7.0058,45.13387],[7.01563,45.13523],[7.01804,45.13527],[7.02115,45.13421],[7.02273,45.13397],[7.02652,45.13414],[7.03059,45.1357],[7.03124,45.13628],[7.03931,45.13037],[7.05126,45.12862],[7.0534,45.12804],[7.05208,45.12596],[7.04764,45.11177],[7.04647,45.10668],[7.04852,45.10149],[7.05142,45.09266],[7.04734,45.08299],[7.04543,45.07753],[7.04442,45.07864],[7.04319,45.0786],[7.03094,45.07599],[7.02015,45.07663],[7.01967,45.07837]]]}},{"type":"Feature","properties":{"tipo":"comune","nome":"Meana di Susa","istat":"001149","diocesi":"Susa","lp":[45.10057,7.06588]},"geometry":{"type":"Polygon","coordinates":[[[7.06897,45.06481],[7.0667,45.06695],[7.06259,45.06882],[7.05731,45.07006],[7.05322,45.0718],[7.04654,45.07649],[7.04543,45.07753],[7.04734,45.08299],[7.05142,45.09266],[7.04852,45.10149],[7.04647,45.10668],[7.04764,45.11177],[7.05208,45.12596],[7.0534,45.12804],[7.05558,45.12715],[7.06645,45.12596],[7.06905,45.12651],[7.07509,45.12826],[7.07925,45.12917],[7.08583,45.13025],[7.08882,45.1302],[7.0905,45.12877],[7.09073,45.12737],[7.08997,45.12674],[7.08811,45.12412],[7.0866,45.12386],[7.08597,45.12313],[7.08467,45.11634],[7.08589,45.11263],[7.08317,45.09986],[7.08078,45.09179],[7.07612,45.08604],[7.07549,45.08588],[7.07065,45.07705],[7.07829,45.06633],[7.0784,45.06604],[7.06897,45.06481]]]}},{"type":"Feature","properties":{"tipo":"comune","nome":"Mompantero","istat":"001154","diocesi":"Susa","lp":[45.16873,7.07604]},"geometry":{"type":"Polygon","coordinates":[[[7.12961,45.18428],[7.11805,45.17204],[7.11353,45.17069],[7.10919,45.17068],[7.10061,45.16647],[7.0979,45.16471],[7.09444,45.15827],[7.09476,45.1543],[7.09684,45.1509],[7.09929,45.1478],[7.09878,45.1442],[7.08992,45.1435],[7.07539,45.14206],[7.07225,45.1414],[7.06604,45.14037],[7.06258,45.14045],[7.06048,45.14264],[7.05559,45.14411],[7.04317,45.14521],[7.03516,45.14524],[7.03441,45.14387],[7.03123,45.14531],[7.03268,45.15062],[7.0311,45.15269],[7.02664,45.15301],[7.02518,45.15362],[7.02275,45.15546],[7.02239,45.15869],[7.02563,45.1651],[7.02913,45.16832],[7.03157,45.17012],[7.03751,45.16956],[7.05691,45.17377],[7.05906,45.17531],[7.06223,45.18096],[7.07374,45.19273],[7.07588,45.19816],[7.07716,45.20333],[7.08687,45.20146],[7.09806,45.19904],[7.09893,45.19748],[7.10019,45.19616],[7.10593,45.19221],[7.10706,45.19169],[7.11964,45.18942],[7.13179,45.18768],[7.12961,45.18428]]]}},{"type":"Feature","properties":{"tipo":"comune","nome":"Giaglione","istat":"001114","diocesi":"Susa","lp":[45.15003,6.95345]},"geometry":{"type":"Polygon","coordinates":[[[6.99842,45.13178],[6.99014,45.13357],[6.97997,45.13359],[6.96927,45.133],[6.95376,45.13107],[6.95174,45.13118],[6.94839,45.13243],[6.93994,45.13449],[6.93376,45.13508],[6.93263,45.13466],[6.92864,45.13469],[6.92646,45.13513],[6.92374,45.13628],[6.91265,45.1424],[6.90176,45.14215],[6.89792,45.14135],[6.89607,45.14342],[6.8896,45.14761],[6.88611,45.15407],[6.88785,45.16032],[6.89433,45.16884],[6.90272,45.16765],[6.91139,45.16694],[6.9238,45.16882],[6.92691,45.17016],[6.93094,45.17096],[6.93312,45.17114],[6.93974,45.17095],[6.94747,45.17047],[6.95003,45.17062],[6.9545,45.17005],[6.96483,45.16636],[6.97069,45.16458],[6.97967,45.16409],[6.98732,45.16141],[6.99432,45.15569],[6.99574,45.15348],[7.00066,45.14974],[7.00758,45.1485],[7.01363,45.14787],[7.0263,45.14642],[7.03123,45.14531],[7.03441,45.14387],[7.03649,45.14371],[7.03818,45.14299],[7.03691,45.13975],[7.03124,45.13628],[7.03059,45.1357],[7.02652,45.13414],[7.02273,45.13397],[7.02115,45.13421],[7.01804,45.13527],[7.01563,45.13523],[7.0058,45.13387],[7.0045,45.13322],[6.99842,45.13178]]]}},{"type":"Feature","properties":{"tipo":"comune","nome":"Moncenisio","istat":"001157","diocesi":"Susa","lp":[45.20459,6.98422]},"geometry":{"type":"Polygon","coordinates":[[[6.98047,45.19503],[6.97312,45.19579],[6.96755,45.1966],[6.96062,45.20298],[6.96518,45.20716],[6.96771,45.20755],[6.98099,45.2091],[6.98909,45.21018],[6.99424,45.21283],[7.00145,45.21854],[7.00322,45.22006],[7.00395,45.21644],[7.00302,45.20771],[7.00209,45.20556],[6.99983,45.20353],[6.99418,45.199],[6.99187,45.19729],[6.98657,45.1979],[6.98047,45.19503]]]}},{"type":"Feature","properties":{"tipo":"comune","nome":"Novalesa","istat":"001169","diocesi":"Susa","lp":[45.19576,7.03443]},"geometry":{"type":"Polygon","coordinates":[[[7.07588,45.19816],[7.07374,45.19273],[7.06223,45.18096],[7.05906,45.17531],[7.05691,45.17377],[7.03751,45.16956],[7.03157,45.17012],[7.02814,45.17083],[7.02323,45.17156],[7.02192,45.17155],[7.01832,45.16982],[7.00979,45.16963],[7.0068,45.1713],[7.00006,45.17868],[6.99784,45.18259],[6.99859,45.18416],[6.99933,45.18404],[7.0029,45.18693],[6.98657,45.1979],[6.99187,45.19729],[6.99418,45.199],[6.99983,45.20353],[7.00209,45.20556],[7.00302,45.20771],[7.00395,45.21644],[7.00322,45.22006],[7.00635,45.21728],[7.00739,45.21693],[7.01675,45.21536],[7.02517,45.21612],[7.03062,45.21771],[7.03385,45.22027],[7.041,45.2247],[7.04317,45.22542],[7.04648,45.22585],[7.05097,45.22571],[7.0586,45.21857],[7.06106,45.21593],[7.06699,45.21029],[7.07716,45.20333],[7.07588,45.19816]]]}},{"type":"Feature","properties":{"tipo":"comune","nome":"Venaus","istat":"001291","diocesi":"Susa","lp":[45.17258,6.98831]},"geometry":{"type":"Polygon","coordinates":[[[7.0263,45.14642],[7.01363,45.14787],[7.00758,45.1485],[7.00066,45.14974],[6.99574,45.15348],[6.99432,45.15569],[6.98732,45.16141],[6.97967,45.16409],[6.97069,45.16458],[6.96483,45.16636],[6.9545,45.17005],[6.95003,45.17062],[6.94747,45.17047],[6.94434,45.17421],[6.94321,45.1759],[6.94927,45.17889],[6.95258,45.18004],[6.95383,45.18421],[6.95524,45.19121],[6.96394,45.19409],[6.96778,45.19565],[6.96755,45.1966],[6.97312,45.19579],[6.98047,45.19503],[6.98657,45.1979],[7.0029,45.18693],[6.99933,45.18404],[6.99859,45.18416],[6.99784,45.18259],[7.00006,45.17868],[7.0068,45.1713],[7.00979,45.16963],[7.01832,45.16982],[7.02192,45.17155],[7.02323,45.17156],[7.02814,45.17083],[7.03157,45.17012],[7.02913,45.16832],[7.02563,45.1651],[7.02239,45.15869],[7.02275,45.15546],[7.02518,45.15362],[7.02664,45.15301],[7.0311,45.15269],[7.03268,45.15062],[7.03123,45.14531],[7.0263,45.14642]]]}},{"type":"Feature","properties":{"tipo":"comune","nome":"Bruzolo","istat":"001040","diocesi":"Susa","lp":[45.15851,7.19878]},"geometry":{"type":"Polygon","coordinates":[[[7.21185,45.18712],[7.20886,45.18044],[7.20743,45.17861],[7.2055,45.17035],[7.20824,45.16479],[7.21561,45.14908],[7.21655,45.14624],[7.21283,45.14305],[7.21123,45.14237],[7.20874,45.14183],[7.20513,45.14141],[7.20492,45.13915],[7.20638,45.13347],[7.20836,45.12756],[7.2084,45.12627],[7.20644,45.12292],[7.20194,45.12448],[7.19864,45.12596],[7.19157,45.12949],[7.18625,45.13049],[7.18278,45.13076],[7.18347,45.13406],[7.18326,45.1395],[7.18591,45.1507],[7.19023,45.16079],[7.19078,45.16752],[7.19357,45.17496],[7.1958,45.17697],[7.20038,45.17902],[7.20328,45.18014],[7.19931,45.18218],[7.18889,45.18449],[7.18818,45.18432],[7.18354,45.18796],[7.18342,45.19309],[7.18863,45.19412],[7.19687,45.19506],[7.20155,45.19461],[7.21038,45.19289],[7.21185,45.18712]]]}},{"type":"Feature","properties":{"tipo":"comune","nome":"Bussoleno","istat":"001044","diocesi":"Susa","lp":[45.13131,7.13654]},"geometry":{"type":"Polygon","coordinates":[[[7.14104,45.1859],[7.14648,45.17276],[7.15232,45.16753],[7.15471,45.16644],[7.15767,45.1588],[7.15911,45.15229],[7.15954,45.14938],[7.15934,45.14836],[7.15861,45.1362],[7.16474,45.13344],[7.16713,45.13172],[7.16822,45.12872],[7.16831,45.12755],[7.16726,45.12439],[7.16105,45.10824],[7.15605,45.09596],[7.1557,45.09315],[7.15681,45.09066],[7.158,45.08941],[7.14771,45.06613],[7.14594,45.06279],[7.1269,45.06264],[7.11971,45.06391],[7.11922,45.06421],[7.11845,45.06754],[7.11905,45.07127],[7.12049,45.07237],[7.12175,45.0727],[7.13035,45.07884],[7.13431,45.08757],[7.13683,45.09719],[7.13607,45.10002],[7.13544,45.10429],[7.13544,45.10718],[7.13612,45.11093],[7.13979,45.11693],[7.13616,45.12571],[7.13136,45.12845],[7.12492,45.12931],[7.12622,45.13074],[7.1269,45.13311],[7.12415,45.13281],[7.11093,45.13562],[7.11191,45.14068],[7.10805,45.14197],[7.09878,45.1442],[7.09929,45.1478],[7.09684,45.1509],[7.09476,45.1543],[7.09444,45.15827],[7.0979,45.16471],[7.10061,45.16647],[7.10919,45.17068],[7.11353,45.17069],[7.11805,45.17204],[7.12961,45.18428],[7.13179,45.18768],[7.14145,45.18687],[7.14104,45.1859]]]}},{"type":"Feature","properties":{"tipo":"comune","nome":"Chianocco","istat":"001076","diocesi":"Susa","lp":[45.16648,7.17093]},"geometry":{"type":"Polygon","coordinates":[[[7.18354,45.18796],[7.18818,45.18432],[7.18889,45.18449],[7.19931,45.18218],[7.20328,45.18014],[7.20038,45.17902],[7.1958,45.17697],[7.19357,45.17496],[7.19078,45.16752],[7.19023,45.16079],[7.18591,45.1507],[7.18326,45.1395],[7.18347,45.13406],[7.18278,45.13076],[7.16713,45.13172],[7.16474,45.13344],[7.15861,45.1362],[7.15934,45.14836],[7.15954,45.14938],[7.15911,45.15229],[7.15767,45.1588],[7.15471,45.16644],[7.15232,45.16753],[7.14648,45.17276],[7.14104,45.1859],[7.14145,45.18687],[7.15424,45.19061],[7.16275,45.19246],[7.17072,45.19357],[7.18125,45.19445],[7.18342,45.19309],[7.18354,45.18796]]]}},{"type":"Feature","properties":{"tipo":"comune","nome":"Mattie","istat":"001147","diocesi":"Susa","lp":[45.09614,7.10693]},"geometry":{"type":"Polygon","coordinates":[[[7.13136,45.12845],[7.13616,45.12571],[7.13979,45.11693],[7.13612,45.11093],[7.13544,45.10718],[7.13544,45.10429],[7.13607,45.10002],[7.13683,45.09719],[7.13431,45.08757],[7.13035,45.07884],[7.12175,45.0727],[7.12049,45.07237],[7.11905,45.07127],[7.11845,45.06754],[7.10718,45.06437],[7.10357,45.06451],[7.09816,45.06323],[7.08751,45.06505],[7.0784,45.06604],[7.07829,45.06633],[7.07065,45.07705],[7.07549,45.08588],[7.07612,45.08604],[7.08078,45.09179],[7.08317,45.09986],[7.08589,45.11263],[7.08467,45.11634],[7.08597,45.12313],[7.0866,45.12386],[7.08811,45.12412],[7.09154,45.12412],[7.09704,45.12469],[7.10073,45.12586],[7.11587,45.1278],[7.12223,45.12801],[7.12492,45.12931],[7.13136,45.12845]]]}},{"type":"Feature","properties":{"tipo":"comune","nome":"San Didero","istat":"001239","diocesi":"Susa","lp":[45.13443,7.21688]},"geometry":{"type":"Polygon","coordinates":[[[7.22825,45.13229],[7.22256,45.13066],[7.22068,45.12934],[7.21816,45.1267],[7.21639,45.12376],[7.21579,45.12221],[7.21296,45.12237],[7.20644,45.12292],[7.2084,45.12627],[7.20836,45.12756],[7.20638,45.13347],[7.20492,45.13915],[7.20513,45.14141],[7.20874,45.14183],[7.21123,45.14237],[7.21283,45.14305],[7.21655,45.14624],[7.21957,45.1419],[7.22216,45.14169],[7.22235,45.14208],[7.22738,45.14087],[7.2324,45.13585],[7.23446,45.13347],[7.23401,45.1325],[7.22825,45.13229]]]}},{"type":"Feature","properties":{"tipo":"comune","nome":"San Giorio di Susa","istat":"001245","diocesi":"Susa","lp":[45.09523,7.17335]},"geometry":{"type":"Polygon","coordinates":[[[7.18625,45.13049],[7.19157,45.12949],[7.19864,45.12596],[7.20194,45.12448],[7.20644,45.12292],[7.21296,45.12237],[7.21133,45.11922],[7.20747,45.11282],[7.20439,45.10878],[7.19588,45.10601],[7.1931,45.10482],[7.18903,45.10245],[7.17803,45.09174],[7.17204,45.08499],[7.16976,45.08137],[7.16676,45.07441],[7.16653,45.07338],[7.16705,45.06996],[7.16846,45.0689],[7.17095,45.06581],[7.17375,45.06096],[7.17367,45.05808],[7.17242,45.05341],[7.17193,45.04821],[7.16392,45.04756],[7.15973,45.0483],[7.14687,45.05452],[7.14584,45.05529],[7.14509,45.05856],[7.14594,45.06279],[7.14771,45.06613],[7.158,45.08941],[7.15681,45.09066],[7.1557,45.09315],[7.15605,45.09596],[7.16105,45.10824],[7.16726,45.12439],[7.16831,45.12755],[7.16822,45.12872],[7.16713,45.13172],[7.18278,45.13076],[7.18625,45.13049]]]}},{"type":"Feature","properties":{"tipo":"comune","nome":"Borgone Susa","istat":"001032","diocesi":"Susa","lp":[45.12174,7.24513]},"geometry":{"type":"Polygon","coordinates":[[[7.25681,45.11251],[7.24861,45.11404],[7.24358,45.11567],[7.23528,45.12064],[7.23039,45.12195],[7.22044,45.12184],[7.21579,45.12221],[7.21639,45.12376],[7.21816,45.1267],[7.22068,45.12934],[7.22256,45.13066],[7.22825,45.13229],[7.23401,45.1325],[7.24139,45.1288],[7.25646,45.12329],[7.26844,45.12081],[7.26949,45.12085],[7.27313,45.11656],[7.27472,45.11247],[7.25681,45.11251]]]}},{"type":"Feature","properties":{"tipo":"comune","nome":"Caprie","istat":"001055","diocesi":"Susa","lp":[45.13374,7.34067]},"geometry":{"type":"Polygon","coordinates":[[[7.3686,45.10699],[7.36658,45.10825],[7.35957,45.11007],[7.35357,45.11144],[7.3525,45.11149],[7.3377,45.11092],[7.32492,45.10997],[7.32502,45.11327],[7.32371,45.11541],[7.32216,45.11583],[7.31645,45.11877],[7.31297,45.12418],[7.31344,45.12453],[7.31712,45.12439],[7.31875,45.12464],[7.32188,45.12666],[7.32399,45.12944],[7.32457,45.13077],[7.32755,45.14218],[7.32762,45.14393],[7.32152,45.15493],[7.3215,45.15751],[7.32254,45.16275],[7.32334,45.16527],[7.32728,45.1672],[7.33233,45.17121],[7.33436,45.17355],[7.33666,45.1702],[7.34038,45.16677],[7.34539,45.15879],[7.34696,45.1498],[7.34775,45.14647],[7.3508,45.14028],[7.3513,45.13958],[7.35395,45.13618],[7.36104,45.12865],[7.37083,45.11854],[7.37181,45.1154],[7.37112,45.10873],[7.36979,45.10547],[7.3686,45.10699]]]}},{"type":"Feature","properties":{"tipo":"comune","nome":"Condove","istat":"001093","diocesi":"Susa","lp":[45.15717,7.272]},"geometry":{"type":"Polygon","coordinates":[[[7.27313,45.11656],[7.26949,45.12085],[7.26844,45.12081],[7.25646,45.12329],[7.24139,45.1288],[7.23401,45.1325],[7.23446,45.13347],[7.2324,45.13585],[7.22738,45.14087],[7.22235,45.14208],[7.22216,45.14169],[7.21957,45.1419],[7.21655,45.14624],[7.21561,45.14908],[7.20824,45.16479],[7.2055,45.17035],[7.20743,45.17861],[7.20886,45.18044],[7.21185,45.18712],[7.21038,45.19289],[7.21192,45.19423],[7.21602,45.19636],[7.21934,45.19746],[7.22134,45.19763],[7.22915,45.19596],[7.23632,45.19283],[7.24287,45.19426],[7.24567,45.19503],[7.25159,45.19757],[7.25599,45.19646],[7.26169,45.19592],[7.27803,45.19404],[7.28157,45.19241],[7.28191,45.18944],[7.28525,45.18668],[7.2903,45.18474],[7.29603,45.18717],[7.30731,45.18966],[7.31937,45.18789],[7.32657,45.18827],[7.33228,45.18414],[7.33436,45.17355],[7.33233,45.17121],[7.32728,45.1672],[7.32334,45.16527],[7.32254,45.16275],[7.3215,45.15751],[7.32152,45.15493],[7.32762,45.14393],[7.32755,45.14218],[7.32457,45.13077],[7.32399,45.12944],[7.32188,45.12666],[7.31875,45.12464],[7.31712,45.12439],[7.31344,45.12453],[7.31297,45.12418],[7.31645,45.11877],[7.32216,45.11583],[7.32371,45.11541],[7.32502,45.11327],[7.32492,45.10997],[7.30615,45.1078],[7.3,45.10973],[7.29536,45.11216],[7.29078,45.11339],[7.2863,45.11325],[7.28411,45.1127],[7.27472,45.11247],[7.27313,45.11656]]]}},{"type":"Feature","properties":{"tipo":"comune","nome":"Chiusa di San Michele","istat":"001081","diocesi":"Susa","lp":[45.0987,7.32318]},"geometry":{"type":"Polygon","coordinates":[[[7.3377,45.11092],[7.33841,45.10509],[7.33892,45.10381],[7.34273,45.09815],[7.34127,45.09519],[7.33888,45.09354],[7.33798,45.09229],[7.33742,45.09048],[7.33554,45.09013],[7.32776,45.0897],[7.32027,45.09016],[7.31511,45.08952],[7.31165,45.08766],[7.31054,45.08411],[7.30944,45.08162],[7.3067,45.07985],[7.30477,45.07897],[7.30386,45.07898],[7.30515,45.08021],[7.30603,45.08399],[7.30878,45.09728],[7.30886,45.10193],[7.30853,45.10539],[7.30615,45.1078],[7.32492,45.10997],[7.3377,45.11092]]]}},{"type":"Feature","properties":{"tipo":"comune","nome":"Sant'Ambrogio di Torino","istat":"001255","diocesi":"Susa","lp":[45.09671,7.35933]},"geometry":{"type":"Polygon","coordinates":[[[7.38958,45.0936],[7.38971,45.09318],[7.3849,45.08906],[7.38088,45.08699],[7.36662,45.08422],[7.36557,45.08373],[7.36135,45.08363],[7.35531,45.08401],[7.35613,45.08502],[7.35449,45.08573],[7.3512,45.08655],[7.34652,45.08669],[7.34379,45.0862],[7.34039,45.08531],[7.33806,45.08812],[7.33742,45.09048],[7.33798,45.09229],[7.33888,45.09354],[7.34127,45.09519],[7.34273,45.09815],[7.33892,45.10381],[7.33841,45.10509],[7.3377,45.11092],[7.3525,45.11149],[7.35357,45.11144],[7.35957,45.11007],[7.36658,45.10825],[7.3686,45.10699],[7.36979,45.10547],[7.37711,45.09735],[7.38386,45.09715],[7.38958,45.0936]]]}},{"type":"Feature","properties":{"tipo":"comune","nome":"Sant'Antonino di Susa","istat":"001256","diocesi":"Susa","lp":[45.09369,7.26549]},"geometry":{"type":"Polygon","coordinates":[[[7.27472,45.11247],[7.28411,45.1127],[7.28339,45.10771],[7.28227,45.10334],[7.27979,45.09959],[7.27812,45.09432],[7.27841,45.09258],[7.28041,45.08937],[7.28228,45.08709],[7.28367,45.0842],[7.28312,45.08099],[7.28254,45.07938],[7.27918,45.07852],[7.27421,45.07615],[7.26867,45.07583],[7.25255,45.07686],[7.24573,45.07784],[7.24693,45.08181],[7.24707,45.08874],[7.24745,45.09347],[7.24832,45.09544],[7.25158,45.10143],[7.25681,45.11251],[7.27472,45.11247]]]}},{"type":"Feature","properties":{"tipo":"comune","nome":"Vaie","istat":"001283","diocesi":"Susa","lp":[45.09558,7.29404]},"geometry":{"type":"Polygon","coordinates":[[[7.30853,45.10539],[7.30886,45.10193],[7.30878,45.09728],[7.30603,45.08399],[7.30515,45.08021],[7.30386,45.07898],[7.30305,45.07922],[7.29802,45.07941],[7.28545,45.07932],[7.28254,45.07938],[7.28312,45.08099],[7.28367,45.0842],[7.28228,45.08709],[7.28041,45.08937],[7.27841,45.09258],[7.27812,45.09432],[7.27979,45.09959],[7.28227,45.10334],[7.28339,45.10771],[7.28411,45.1127],[7.2863,45.11325],[7.29078,45.11339],[7.29536,45.11216],[7.3,45.10973],[7.30615,45.1078],[7.30853,45.10539]]]}},{"type":"Feature","properties":{"tipo":"comune","nome":"Villar Focchiardo","istat":"001305","diocesi":"Susa","lp":[45.09341,7.21297]},"geometry":{"type":"Polygon","coordinates":[[[7.22044,45.12184],[7.23039,45.12195],[7.23528,45.12064],[7.24358,45.11567],[7.24861,45.11404],[7.25681,45.11251],[7.25158,45.10143],[7.24832,45.09544],[7.24745,45.09347],[7.24707,45.08874],[7.24693,45.08181],[7.24573,45.07784],[7.24096,45.0771],[7.22957,45.07582],[7.22835,45.07627],[7.22143,45.07721],[7.21092,45.07825],[7.20693,45.07824],[7.19559,45.07645],[7.19195,45.07482],[7.1801,45.06894],[7.17707,45.06441],[7.1794,45.05622],[7.17892,45.05375],[7.17427,45.04957],[7.17193,45.04821],[7.17242,45.05341],[7.17367,45.05808],[7.17375,45.06096],[7.17095,45.06581],[7.16846,45.0689],[7.16705,45.06996],[7.16653,45.07338],[7.16676,45.07441],[7.16976,45.08137],[7.17204,45.08499],[7.17803,45.09174],[7.18903,45.10245],[7.1931,45.10482],[7.19588,45.10601],[7.20439,45.10878],[7.20747,45.11282],[7.21133,45.11922],[7.21296,45.12237],[7.21579,45.12221],[7.22044,45.12184]]]}},{"type":"Feature","properties":{"tipo":"comune","nome":"Almese","istat":"001006","diocesi":"Susa","lp":[45.11825,7.41999]},"geometry":{"type":"Polygon","coordinates":[[[7.44966,45.10901],[7.44629,45.10373],[7.4442,45.09974],[7.44105,45.09937],[7.43433,45.10038],[7.42844,45.10083],[7.4248,45.10079],[7.41959,45.10016],[7.39722,45.10139],[7.39368,45.10183],[7.39179,45.10463],[7.39134,45.10577],[7.39122,45.10937],[7.3906,45.11369],[7.38901,45.12038],[7.38796,45.12277],[7.38533,45.12671],[7.39191,45.12876],[7.3992,45.13383],[7.4127,45.13865],[7.41946,45.14052],[7.42839,45.1379],[7.43191,45.1366],[7.44668,45.1275],[7.44724,45.12707],[7.45549,45.11717],[7.44966,45.10901]]]}},{"type":"Feature","properties":{"tipo":"comune","nome":"Rubiana","istat":"001229","diocesi":"Susa","lp":[45.15626,7.37462]},"geometry":{"type":"Polygon","coordinates":[[[7.4127,45.13865],[7.3992,45.13383],[7.39191,45.12876],[7.38533,45.12671],[7.38412,45.12905],[7.38019,45.12931],[7.37403,45.12917],[7.36215,45.131],[7.36111,45.13217],[7.3513,45.13958],[7.3508,45.14028],[7.34775,45.14647],[7.34696,45.1498],[7.34539,45.15879],[7.34038,45.16677],[7.33666,45.1702],[7.33436,45.17355],[7.33228,45.18414],[7.33554,45.18526],[7.34163,45.18469],[7.34936,45.18264],[7.3675,45.17987],[7.39145,45.1767],[7.39428,45.17661],[7.39664,45.17702],[7.40382,45.16767],[7.40537,45.16382],[7.40579,45.15941],[7.40627,45.15668],[7.40934,45.15158],[7.41258,45.14872],[7.41701,45.14621],[7.41946,45.14052],[7.4127,45.13865]]]}},{"type":"Feature","properties":{"tipo":"comune","nome":"Villar Dora","istat":"001303","diocesi":"Susa","lp":[45.11501,7.37851]},"geometry":{"type":"Polygon","coordinates":[[[7.38796,45.12277],[7.38901,45.12038],[7.3906,45.11369],[7.39122,45.10937],[7.39134,45.10577],[7.39179,45.10463],[7.39368,45.10183],[7.38386,45.09715],[7.37711,45.09735],[7.36979,45.10547],[7.37112,45.10873],[7.37181,45.1154],[7.37083,45.11854],[7.36104,45.12865],[7.35395,45.13618],[7.3513,45.13958],[7.36111,45.13217],[7.36215,45.131],[7.37403,45.12917],[7.38019,45.12931],[7.38412,45.12905],[7.38533,45.12671],[7.38796,45.12277]]]}},{"type":"Feature","properties":{"tipo":"diocesi","nome":"Torino","lp":[45.05251,7.57604]},"geometry":{"type":"Polygon","coordinates":[[[7.07682,45.21412],[7.08589,45.22541],[7.09635,45.23299],[7.10341,45.23645],[7.10707,45.24361],[7.11051,45.24608],[7.11499,45.24642],[7.1243,45.244],[7.13493,45.25414],[7.13465,45.26031],[7.13265,45.26355],[7.13148,45.27401],[7.13456,45.27643],[7.13605,45.27996],[7.13437,45.28312],[7.12854,45.28901],[7.12082,45.30036],[7.11737,45.30927],[7.10948,45.32021],[7.10951,45.32702],[7.11866,45.32812],[7.12608,45.32733],[7.13188,45.32971],[7.1352,45.33321],[7.13149,45.34056],[7.13371,45.34783],[7.13846,45.35118],[7.15483,45.35621],[7.16442,45.36068],[7.16057,45.36339],[7.15893,45.37021],[7.15935,45.37311],[7.16328,45.38179],[7.16693,45.38503],[7.17175,45.38624],[7.17849,45.39192],[7.1778,45.39449],[7.179,45.39689],[7.18241,45.40096],[7.18563,45.40306],[7.20724,45.39984],[7.21502,45.39683],[7.21751,45.39412],[7.22302,45.39301],[7.23011,45.39605],[7.23242,45.39916],[7.2375,45.40039],[7.25083,45.40133],[7.27094,45.41112],[7.28038,45.41424],[7.29479,45.4161],[7.30998,45.41049],[7.31204,45.41371],[7.32233,45.41425],[7.33589,45.41155],[7.34453,45.41125],[7.35844,45.40177],[7.36062,45.39904],[7.36121,45.39557],[7.36269,45.39416],[7.38419,45.3917],[7.39023,45.38868],[7.39191,45.3863],[7.38651,45.3811],[7.38725,45.37582],[7.42019,45.37367],[7.44179,45.36625],[7.45262,45.36522],[7.46282,45.35806],[7.4648,45.3578],[7.47142,45.35841],[7.49093,45.37142],[7.49396,45.37002],[7.5029,45.37273],[7.51742,45.37162],[7.53045,45.37182],[7.53983,45.37728],[7.54213,45.38327],[7.54041,45.38447],[7.5512,45.39458],[7.56195,45.39531],[7.57535,45.39348],[7.57949,45.3941],[7.58232,45.39711],[7.59469,45.40553],[7.59772,45.40902],[7.61792,45.41476],[7.63017,45.42486],[7.63065,45.42784],[7.63493,45.42786],[7.64441,45.41331],[7.65413,45.40893],[7.66095,45.40935],[7.66272,45.40727],[7.66517,45.40393],[7.6647,45.39891],[7.66733,45.3944],[7.66572,45.39136],[7.66706,45.38829],[7.67863,45.38434],[7.6954,45.37057],[7.70628,45.36534],[7.71026,45.35878],[7.71443,45.35718],[7.7085,45.35171],[7.70146,45.35019],[7.70329,45.33785],[7.70194,45.31582],[7.70321,45.28805],[7.70948,45.26886],[7.74059,45.25],[7.73738,45.24897],[7.73249,45.24559],[7.71946,45.24295],[7.69556,45.24255],[7.69134,45.24356],[7.69058,45.2302],[7.70924,45.22242],[7.73657,45.21664],[7.73724,45.21654],[7.7385,45.21992],[7.74627,45.22112],[7.75334,45.22052],[7.78565,45.21641],[7.80117,45.21163],[7.82082,45.20779],[7.83384,45.20205],[7.83266,45.19344],[7.8351,45.18842],[7.84075,45.18768],[7.84904,45.18378],[7.85062,45.18039],[7.85581,45.17397],[7.86738,45.17227],[7.87356,45.17261],[7.88041,45.17671],[7.89188,45.17782],[7.90843,45.1779],[7.91602,45.17666],[7.92703,45.17271],[7.93973,45.18109],[7.96291,45.17535],[7.97296,45.17133],[7.9762,45.17255],[7.97746,45.17481],[7.98712,45.17971],[8.00488,45.18066],[8.00627,45.16813],[8.00515,45.16163],[8.00258,45.15768],[8.00073,45.1516],[8.00176,45.14816],[8.01233,45.14114],[8.00557,45.13559],[8.00484,45.13151],[8.00629,45.12866],[7.99939,45.12757],[7.9897,45.12932],[7.98514,45.12745],[7.98029,45.12383],[7.98448,45.1189],[7.99398,45.11176],[8.0111,45.10244],[8.01416,45.08982],[8.02875,45.08318],[8.0257,45.0762],[8.03786,45.07146],[8.04064,45.06888],[8.02895,45.06589],[8.02411,45.06291],[8.02334,45.05101],[8.025,45.03082],[8.02453,45.02468],[8.01803,45.02289],[8.01766,45.02016],[8.01574,45.01894],[8.0008,45.01119],[7.99597,45.0101],[7.99451,45.00225],[7.99547,44.9949],[7.98655,44.98466],[7.98352,44.98403],[7.97757,44.98516],[7.97314,44.98747],[7.94919,44.98869],[7.93266,44.99393],[7.92867,44.98353],[7.90218,44.96584],[7.90027,44.94088],[7.88916,44.93565],[7.88344,44.9362],[7.88871,44.92005],[7.89264,44.91512],[7.89942,44.91625],[7.90097,44.91263],[7.90154,44.90649],[7.89365,44.89998],[7.89438,44.89697],[7.88503,44.89642],[7.88626,44.89318],[7.88666,44.88722],[7.88503,44.8803],[7.87705,44.86684],[7.86779,44.86571],[7.85698,44.86638],[7.85268,44.86548],[7.85764,44.85962],[7.86017,44.85449],[7.86288,44.83596],[7.85888,44.83425],[7.84899,44.83359],[7.83503,44.83923],[7.82713,44.84387],[7.81749,44.85077],[7.81551,44.85312],[7.80916,44.85493],[7.81195,44.84343],[7.79767,44.84269],[7.7926,44.84426],[7.78821,44.84449],[7.78114,44.84304],[7.77602,44.8389],[7.77642,44.83752],[7.76779,44.8268],[7.76358,44.81979],[7.76758,44.81354],[7.77695,44.80496],[7.78621,44.79976],[7.79579,44.79943],[7.81837,44.79408],[7.8335,44.78619],[7.83992,44.7852],[7.8362,44.78081],[7.83903,44.76803],[7.83705,44.76215],[7.84299,44.75682],[7.84208,44.75525],[7.84663,44.7536],[7.84941,44.75047],[7.84774,44.7359],[7.84564,44.73395],[7.84314,44.73403],[7.86046,44.72492],[7.86588,44.71793],[7.86923,44.7103],[7.8767,44.70165],[7.88285,44.69787],[7.91069,44.69439],[7.91486,44.68567],[7.91128,44.68314],[7.90079,44.68281],[7.89336,44.67887],[7.88997,44.67551],[7.88855,44.67129],[7.89021,44.6687],[7.8895,44.66624],[7.87911,44.66929],[7.86133,44.68038],[7.84574,44.67893],[7.81564,44.68595],[7.80871,44.68629],[7.79298,44.68473],[7.78384,44.68228],[7.78067,44.6801],[7.76993,44.68574],[7.76907,44.69128],[7.75627,44.69453],[7.7558,44.69124],[7.76049,44.67744],[7.76108,44.6679],[7.76704,44.66281],[7.76731,44.66095],[7.76684,44.6582],[7.76137,44.65321],[7.75536,44.64116],[7.74989,44.63371],[7.74963,44.62879],[7.74261,44.62665],[7.72915,44.62557],[7.71903,44.6235],[7.71696,44.6208],[7.71205,44.62035],[7.71217,44.61215],[7.70271,44.60582],[7.69263,44.60305],[7.68767,44.60201],[7.67536,44.60234],[7.6528,44.60584],[7.64762,44.59909],[7.6469,44.59634],[7.63929,44.5845],[7.63394,44.58102],[7.63763,44.57678],[7.64295,44.57665],[7.64505,44.57222],[7.64173,44.56485],[7.63887,44.55386],[7.63569,44.5516],[7.61329,44.54386],[7.61296,44.54109],[7.6065,44.53875],[7.58927,44.53703],[7.58472,44.53975],[7.58031,44.54374],[7.58448,44.54597],[7.59204,44.55622],[7.59427,44.56015],[7.59673,44.56826],[7.602,44.5738],[7.58816,44.57948],[7.57594,44.58838],[7.55986,44.59372],[7.55853,44.59952],[7.58016,44.62361],[7.58566,44.63458],[7.58623,44.64441],[7.58008,44.65105],[7.5801,44.65368],[7.59155,44.65829],[7.61507,44.66388],[7.62901,44.67034],[7.63794,44.67216],[7.63878,44.67692],[7.63439,44.68774],[7.62752,44.69689],[7.62185,44.70256],[7.62351,44.70683],[7.62443,44.71558],[7.61828,44.72614],[7.61255,44.72227],[7.60864,44.72448],[7.60476,44.72947],[7.60185,44.73076],[7.59938,44.72947],[7.59599,44.73247],[7.59062,44.73842],[7.58904,44.74202],[7.58838,44.74879],[7.58478,44.75584],[7.57786,44.76313],[7.57683,44.75985],[7.56814,44.75173],[7.5478,44.74257],[7.53772,44.73616],[7.53751,44.73436],[7.53391,44.73644],[7.52873,44.74236],[7.51633,44.7462],[7.50331,44.75533],[7.5001,44.75838],[7.50353,44.76165],[7.49931,44.7681],[7.49394,44.76511],[7.48122,44.76146],[7.47933,44.75968],[7.47166,44.75703],[7.46041,44.75916],[7.46087,44.76318],[7.45844,44.76408],[7.45524,44.76355],[7.45569,44.76069],[7.45146,44.76083],[7.44923,44.7644],[7.4462,44.77391],[7.45913,44.77472],[7.46059,44.7734],[7.46471,44.77364],[7.46061,44.77849],[7.4408,44.77691],[7.43773,44.77081],[7.43758,44.76444],[7.43028,44.76405],[7.41397,44.7663],[7.41049,44.76574],[7.40952,44.76423],[7.39795,44.76196],[7.39176,44.76217],[7.36881,44.75962],[7.36601,44.75721],[7.36662,44.75202],[7.34505,44.75183],[7.34863,44.75503],[7.3494,44.7641],[7.34727,44.77738],[7.34466,44.78275],[7.34972,44.78723],[7.35263,44.80219],[7.35187,44.80654],[7.34352,44.8138],[7.34313,44.81745],[7.34537,44.82311],[7.3396,44.83671],[7.35129,44.83787],[7.37354,44.84249],[7.37502,44.84687],[7.37916,44.84684],[7.39294,44.84247],[7.39277,44.84082],[7.39643,44.83933],[7.4128,44.83566],[7.42271,44.83629],[7.43043,44.83478],[7.43049,44.83388],[7.43606,44.83362],[7.4418,44.83474],[7.44461,44.83915],[7.45072,44.85517],[7.45049,44.85915],[7.45776,44.86176],[7.45956,44.86388],[7.45915,44.87636],[7.45087,44.87989],[7.44265,44.88486],[7.43729,44.89212],[7.42451,44.89056],[7.41543,44.88747],[7.42063,44.89685],[7.42167,44.90469],[7.42153,44.90675],[7.41715,44.9125],[7.41021,44.91547],[7.40455,44.91524],[7.40249,44.91415],[7.3987,44.9166],[7.39503,44.9169],[7.39049,44.91972],[7.3931,44.92778],[7.40403,44.9307],[7.41222,44.93214],[7.41454,44.93177],[7.40577,44.94048],[7.40297,44.94192],[7.38109,44.93925],[7.36922,44.93846],[7.36479,44.93903],[7.35754,44.94249],[7.35498,44.94485],[7.35708,44.94789],[7.35755,44.9504],[7.3566,44.95423],[7.35378,44.95859],[7.34005,44.96631],[7.3258,44.97118],[7.31721,44.97262],[7.31158,44.97474],[7.30106,44.9739],[7.29458,44.97593],[7.28389,44.98448],[7.27113,44.99811],[7.26642,45.00064],[7.24137,45.00417],[7.23742,45.0036],[7.2306,45.00008],[7.22492,45.00158],[7.21577,45.00203],[7.21159,45.00588],[7.20523,45.00445],[7.19971,45.00624],[7.18152,45.00725],[7.18248,45.00976],[7.17899,45.01941],[7.17331,45.02834],[7.16844,45.03253],[7.16392,45.04756],[7.17193,45.04821],[7.17891,45.05375],[7.1794,45.05622],[7.17707,45.06441],[7.1801,45.06894],[7.19559,45.07645],[7.20913,45.07831],[7.22958,45.07582],[7.24573,45.07784],[7.26867,45.07583],[7.27421,45.07615],[7.28254,45.07938],[7.30477,45.07897],[7.30944,45.08162],[7.31165,45.08766],[7.31511,45.08952],[7.32027,45.09016],[7.32776,45.0897],[7.33742,45.09048],[7.33806,45.08812],[7.34039,45.08531],[7.34951,45.08667],[7.35613,45.08502],[7.35535,45.084],[7.36557,45.08373],[7.38088,45.08699],[7.3849,45.08906],[7.38971,45.09319],[7.38386,45.09715],[7.39368,45.10183],[7.4442,45.09974],[7.45548,45.11718],[7.44668,45.1275],[7.43191,45.1366],[7.41946,45.14052],[7.41701,45.14621],[7.41036,45.15065],[7.40696,45.15535],[7.40382,45.16767],[7.39664,45.17702],[7.39145,45.1767],[7.3675,45.17987],[7.34027,45.18487],[7.33554,45.18526],[7.33228,45.18414],[7.32657,45.18827],[7.31937,45.18789],[7.30731,45.18966],[7.29603,45.18717],[7.2903,45.18474],[7.28525,45.18668],[7.28174,45.18963],[7.28157,45.19241],[7.27803,45.19404],[7.25159,45.19757],[7.24567,45.19503],[7.23632,45.19283],[7.22915,45.19596],[7.22134,45.19763],[7.21602,45.19636],[7.21038,45.19289],[7.19687,45.19506],[7.18342,45.19309],[7.18125,45.19445],[7.16275,45.19246],[7.14145,45.18687],[7.13179,45.18768],[7.10706,45.19169],[7.10019,45.19616],[7.09806,45.19904],[7.07716,45.20333],[7.06699,45.21029],[7.07682,45.21412]],[[8.00419,45.03685],[8.00052,45.03337],[8.00713,45.03303],[8.00751,45.03371],[8.00419,45.03685]],[[7.95354,45.08614],[7.95141,45.08272],[7.95021,45.07591],[7.95174,45.07178],[7.96826,45.06745],[7.97279,45.05988],[7.98296,45.04667],[7.99797,45.04302],[8.00274,45.03992],[8.0051,45.04319],[8.00108,45.05122],[7.98405,45.06511],[7.98576,45.067],[7.99017,45.06814],[7.99649,45.06761],[8.00391,45.07104],[8.00453,45.075],[8.00337,45.07708],[7.99412,45.0811],[7.97924,45.0954],[7.97499,45.09778],[7.97172,45.1011],[7.96838,45.10071],[7.96603,45.09661],[7.95829,45.08799],[7.95354,45.08614]],[[7.47223,44.76284],[7.47512,44.7681],[7.46668,44.77289],[7.46636,44.76851],[7.46984,44.76304],[7.47223,44.76284]]]}},{"type":"Feature","properties":{"tipo":"diocesi","nome":"Susa","lp":[45.07206,6.98627]},"geometry":{"type":"Polygon","coordinates":[[[6.63478,45.11579],[6.64479,45.11571],[6.65197,45.11727],[6.67193,45.12421],[6.67557,45.13403],[6.68021,45.14041],[6.6867,45.14005],[6.71203,45.14477],[6.72753,45.13871],[6.7402,45.13697],[6.74434,45.13842],[6.75099,45.14324],[6.75603,45.15076],[6.76916,45.15984],[6.77801,45.15823],[6.82284,45.1441],[6.83988,45.13568],[6.84652,45.12816],[6.84832,45.12731],[6.86988,45.13416],[6.89393,45.13728],[6.89792,45.14135],[6.8896,45.14761],[6.88611,45.15407],[6.88785,45.16032],[6.89433,45.16884],[6.91139,45.16694],[6.9238,45.16882],[6.93198,45.1711],[6.94743,45.17048],[6.94321,45.1759],[6.95258,45.18004],[6.95524,45.19121],[6.96778,45.19565],[6.96062,45.20298],[6.96518,45.20716],[6.98909,45.21018],[6.99424,45.21283],[7.00322,45.22006],[7.00739,45.21693],[7.01675,45.21536],[7.02517,45.21612],[7.03062,45.21771],[7.041,45.2247],[7.04755,45.22588],[7.05097,45.22571],[7.06651,45.21066],[7.07716,45.20333],[7.09806,45.19904],[7.10019,45.19616],[7.10706,45.19169],[7.12917,45.18802],[7.14145,45.18687],[7.16275,45.19246],[7.18125,45.19445],[7.18343,45.19309],[7.19687,45.19506],[7.21037,45.1929],[7.21602,45.19636],[7.22134,45.19763],[7.22915,45.19596],[7.23632,45.19284],[7.24567,45.19503],[7.25159,45.19757],[7.27803,45.19404],[7.28157,45.19241],[7.28174,45.18963],[7.28525,45.18668],[7.2903,45.18475],[7.29603,45.18717],[7.30731,45.18966],[7.31937,45.18789],[7.32657,45.18827],[7.33228,45.18414],[7.33554,45.18526],[7.34027,45.18487],[7.3675,45.17987],[7.39145,45.1767],[7.39664,45.17702],[7.40382,45.16767],[7.40696,45.15535],[7.41036,45.15065],[7.41701,45.14621],[7.41946,45.14052],[7.43191,45.1366],[7.44668,45.1275],[7.45549,45.11717],[7.4442,45.09974],[7.39368,45.10183],[7.38388,45.09716],[7.38971,45.09318],[7.3849,45.08906],[7.38088,45.08699],[7.36557,45.08373],[7.35531,45.08401],[7.35611,45.08503],[7.34951,45.08667],[7.34039,45.08531],[7.33806,45.08812],[7.33741,45.09047],[7.32776,45.0897],[7.32027,45.09016],[7.31511,45.08952],[7.31166,45.08766],[7.30944,45.08162],[7.30477,45.07897],[7.28254,45.07938],[7.27421,45.07615],[7.26867,45.07583],[7.24573,45.07784],[7.22957,45.07582],[7.20913,45.07831],[7.19559,45.07645],[7.1801,45.06893],[7.17707,45.06441],[7.1794,45.05622],[7.17892,45.05375],[7.17193,45.04821],[7.16064,45.04802],[7.14687,45.05452],[7.14584,45.05529],[7.14509,45.05856],[7.14592,45.06279],[7.1269,45.06264],[7.11971,45.06391],[7.11843,45.06754],[7.10718,45.06437],[7.09816,45.06323],[7.0784,45.06604],[7.06897,45.06481],[7.0667,45.06696],[7.06259,45.06882],[7.05322,45.0718],[7.04441,45.07864],[7.03094,45.07599],[7.02015,45.07663],[7.00656,45.07253],[6.99273,45.06962],[6.98181,45.06986],[6.97522,45.07207],[6.96765,45.06963],[6.96225,45.07039],[6.95604,45.06967],[6.94837,45.06282],[6.93509,45.06031],[6.93662,45.05657],[6.93633,45.05008],[6.92439,45.0374],[6.91769,45.03842],[6.90342,45.03202],[6.89898,45.0234],[6.90174,45.01916],[6.89668,45.00715],[6.87103,44.99329],[6.89421,44.98141],[6.90438,44.97991],[6.91031,44.98067],[6.9125,44.97653],[6.91443,44.96041],[6.91715,44.95656],[6.92256,44.95364],[6.92896,44.94101],[6.93074,44.93426],[6.94447,44.92487],[6.94537,44.91674],[6.94486,44.91375],[6.94605,44.91015],[6.95053,44.90613],[6.96998,44.90102],[6.98804,44.89837],[6.99609,44.89102],[6.99732,44.88827],[6.99966,44.88633],[7.00424,44.88359],[7.01177,44.8828],[7.01295,44.8782],[7.01177,44.87109],[7.00753,44.86343],[7.00574,44.86232],[7.00229,44.85681],[7.00738,44.85228],[7.00289,44.84429],[7.0012,44.84244],[6.99818,44.84221],[6.97651,44.84643],[6.96339,44.85011],[6.9559,44.85434],[6.93151,44.86343],[6.92627,44.85788],[6.92545,44.85493],[6.9229,44.85227],[6.91284,44.84486],[6.90747,44.8439],[6.90499,44.84612],[6.87109,44.84996],[6.84231,44.85965],[6.82056,44.87093],[6.80831,44.87624],[6.80068,44.8816],[6.79964,44.88646],[6.79148,44.88951],[6.78606,44.88878],[6.78117,44.89294],[6.77884,44.89658],[6.76778,44.90247],[6.76005,44.90285],[6.75084,44.90617],[6.75,44.90749],[6.7508,44.91434],[6.74874,44.92157],[6.75998,44.93379],[6.75845,44.93643],[6.75319,44.93843],[6.74844,44.93618],[6.74308,44.9357],[6.75292,44.94299],[6.75703,44.94723],[6.76506,44.95907],[6.76555,44.96161],[6.76364,44.97145],[6.75034,44.9785],[6.74937,44.98219],[6.7395,44.98967],[6.74645,44.99529],[6.75064,44.99624],[6.75143,44.99798],[6.74926,45.0044],[6.74536,45.01132],[6.74587,45.01291],[6.74026,45.0168],[6.72459,45.02198],[6.71471,45.02042],[6.70762,45.0214],[6.67942,45.02029],[6.67142,45.02351],[6.66454,45.03406],[6.66577,45.03976],[6.66731,45.0408],[6.66495,45.04836],[6.66092,45.05321],[6.66369,45.05895],[6.66226,45.07138],[6.65418,45.07169],[6.64617,45.07502],[6.64643,45.08189],[6.64094,45.08903],[6.62726,45.10177],[6.62662,45.1043],[6.63478,45.11579]]]}}]}